#! /usr/local/iverilog/bin/vvp
:ivl_version "11.0 (devel)" "(s20150603-642-g3bdb50da)";
:ivl_delay_selection "TYPICAL";
:vpi_time_precision + 0;
:vpi_module "system";
:vpi_module "vhdl_sys";
:vpi_module "vhdl_textio";
:vpi_module "v2005_math";
:vpi_module "va_math";
S_00000000017a0fd0 .scope module, "NPC" "NPC" 2 3;
 .timescale 0 0;
    .port_info 0 /INPUT 32 "PC";
    .port_info 1 /INPUT 3 "NPCOp";
    .port_info 2 /INPUT 32 "IMM";
    .port_info 3 /OUTPUT 32 "NPC";
    .port_info 4 /INPUT 32 "aluout";
o00000000017a5de8 .functor BUFZ 32, C4<zzzzzzzzzzzzzzzzzzzzzzzzzzzzzzzz>; HiZ drive
v000000000177a570_0 .net "IMM", 31 0, o00000000017a5de8;  0 drivers
v000000000177a6b0_0 .var "NPC", 31 0;
o00000000017a5e48 .functor BUFZ 3, C4<zzz>; HiZ drive
v000000000177a7f0_0 .net "NPCOp", 2 0, o00000000017a5e48;  0 drivers
o00000000017a5e78 .functor BUFZ 32, C4<zzzzzzzzzzzzzzzzzzzzzzzzzzzzzzzz>; HiZ drive
v0000000001779ad0_0 .net "PC", 31 0, o00000000017a5e78;  0 drivers
v0000000001779c10_0 .net "PCPLUS4", 31 0, L_0000000001831010;  1 drivers
L_00000000018480c8 .functor BUFT 1, C4<00000000000000000000000000000100>, C4<0>, C4<0>, C4<0>;
v0000000001778e50_0 .net/2u *"_s0", 31 0, L_00000000018480c8;  1 drivers
o00000000017a5f08 .functor BUFZ 32, C4<zzzzzzzzzzzzzzzzzzzzzzzzzzzzzzzz>; HiZ drive
v00000000017793f0_0 .net "aluout", 31 0, o00000000017a5f08;  0 drivers
E_0000000001758730/0 .event edge, v000000000177a7f0_0, v0000000001779c10_0, v0000000001779ad0_0, v000000000177a570_0;
E_0000000001758730/1 .event edge, v00000000017793f0_0;
E_0000000001758730 .event/or E_0000000001758730/0, E_0000000001758730/1;
L_0000000001831010 .arith/sum 32, o00000000017a5e78, L_00000000018480c8;
S_00000000012af640 .scope module, "sccomp_tb" "sccomp_tb" 3 3;
 .timescale 0 0;
v00000000017fde00_0 .array/port v00000000017fde00, 0;
L_00000000018c3e00 .functor BUFZ 32, v00000000017fde00_0, C4<00000000000000000000000000000000>, C4<00000000000000000000000000000000>, C4<00000000000000000000000000000000>;
v00000000017fde00_1 .array/port v00000000017fde00, 1;
L_00000000018c3ee0 .functor BUFZ 32, v00000000017fde00_1, C4<00000000000000000000000000000000>, C4<00000000000000000000000000000000>, C4<00000000000000000000000000000000>;
v00000000017fde00_2 .array/port v00000000017fde00, 2;
L_00000000018c3150 .functor BUFZ 32, v00000000017fde00_2, C4<00000000000000000000000000000000>, C4<00000000000000000000000000000000>, C4<00000000000000000000000000000000>;
v00000000017fde00_3 .array/port v00000000017fde00, 3;
L_00000000018c31c0 .functor BUFZ 32, v00000000017fde00_3, C4<00000000000000000000000000000000>, C4<00000000000000000000000000000000>, C4<00000000000000000000000000000000>;
v00000000017fde00_4 .array/port v00000000017fde00, 4;
L_00000000018c2cf0 .functor BUFZ 32, v00000000017fde00_4, C4<00000000000000000000000000000000>, C4<00000000000000000000000000000000>, C4<00000000000000000000000000000000>;
v00000000017fde00_5 .array/port v00000000017fde00, 5;
L_00000000018c3fc0 .functor BUFZ 32, v00000000017fde00_5, C4<00000000000000000000000000000000>, C4<00000000000000000000000000000000>, C4<00000000000000000000000000000000>;
v000000000183f7f0_0 .var "clk", 0 0;
v000000000183f9d0_0 .var/i "counter", 31 0;
v000000000183fb10_0 .var/i "counter2", 31 0;
v000000000183fc50_0 .net "debug_rf_probe_0", 31 0, L_00000000018c3e00;  1 drivers
v000000000183ff70_0 .net "debug_rf_probe_1", 31 0, L_00000000018c3ee0;  1 drivers
v000000000183fe30_0 .net "debug_rf_probe_2", 31 0, L_00000000018c3150;  1 drivers
v000000000183fcf0_0 .net "debug_rf_probe_3", 31 0, L_00000000018c31c0;  1 drivers
v000000000183fed0_0 .net "debug_rf_probe_4", 31 0, L_00000000018c2cf0;  1 drivers
v000000000183fd90_0 .net "debug_rf_probe_5", 31 0, L_00000000018c3fc0;  1 drivers
v0000000001830930_0 .var/i "foutput", 31 0;
v0000000001830bb0_0 .var/i "i", 31 0;
v0000000001832730_0 .var/i "mem_dump_file", 31 0;
o00000000017b5118 .functor BUFZ 32, C4<zzzzzzzzzzzzzzzzzzzzzzzzzzzzzzzz>; HiZ drive
v0000000001830f70_0 .net "reg_data", 31 0, o00000000017b5118;  0 drivers
v0000000001830250_0 .var "reg_sel", 4 0;
v0000000001832370_0 .var "rstn", 0 0;
L_0000000001849c10 .functor BUFT 1, C4<1>, C4<0>, C4<0>, C4<0>;
v0000000001831290_0 .net "test", 0 0, L_0000000001849c10;  1 drivers
S_00000000012af7d0 .scope module, "U_SCCOMP" "sccomp" 3 10, 4 1 0, S_00000000012af640;
 .timescale 0 0;
    .port_info 0 /INPUT 1 "clk";
    .port_info 1 /INPUT 1 "rstn";
    .port_info 2 /INPUT 5 "reg_sel";
    .port_info 3 /OUTPUT 32 "reg_data";
L_0000000001776ee0 .functor NOT 1, v0000000001832370_0, C4<0>, C4<0>, C4<0>;
v000000000183f4d0_0 .net "DMType", 2 0, L_00000000018c2f90;  1 drivers
v000000000183f750_0 .net "MemWrite", 0 0, L_00000000018af880;  1 drivers
v000000000183f890_0 .net "PC", 31 0, v00000000017fa480_0;  1 drivers
v000000000183f2f0_0 .net "clk", 0 0, v000000000183f7f0_0;  1 drivers
v000000000183f250_0 .net "dm_addr", 31 0, L_00000000018c3bd0;  1 drivers
v000000000183f390_0 .net "dm_din", 31 0, L_00000000018c33f0;  1 drivers
v000000000183fa70_0 .net "dm_dout", 31 0, v000000000177aa70_0;  1 drivers
v000000000183fbb0_0 .net "instr", 31 0, L_00000000018c4650;  1 drivers
v000000000183f930_0 .net "reg_data", 31 0, o00000000017b5118;  alias, 0 drivers
v000000000183f430_0 .net "reg_sel", 4 0, v0000000001830250_0;  1 drivers
v000000000183f570_0 .net "rst", 0 0, L_0000000001776ee0;  1 drivers
v000000000183f6b0_0 .net "rstn", 0 0, v0000000001832370_0;  1 drivers
L_00000000018b3020 .part v00000000017fa480_0, 2, 11;
S_00000000012af160 .scope module, "U_DM" "dm" 4 30, 5 3 0, S_00000000012af7d0;
 .timescale 0 0;
    .port_info 0 /INPUT 1 "clk";
    .port_info 1 /INPUT 1 "DMWr";
    .port_info 2 /INPUT 32 "addr";
    .port_info 3 /INPUT 32 "din";
    .port_info 4 /OUTPUT 32 "dout";
    .port_info 5 /INPUT 3 "DMType";
L_00000000018498b0 .functor BUFT 1, C4<0>, C4<0>, C4<0>, C4<0>;
L_00000000018c3000 .functor XNOR 1, L_00000000018af880, L_00000000018498b0, C4<0>, C4<0>;
L_00000000018c3070 .functor BUFZ 32, L_00000000018b2620, C4<00000000000000000000000000000000>, C4<00000000000000000000000000000000>, C4<00000000000000000000000000000000>;
v0000000001778f90_0 .net "DMType", 2 0, L_00000000018c2f90;  alias, 1 drivers
v000000000177a890_0 .net "DMWr", 0 0, L_00000000018af880;  alias, 1 drivers
L_0000000001849940 .functor BUFT 1, C4<000>, C4<0>, C4<0>, C4<0>;
v0000000001779030_0 .net/2u *"_s10", 2 0, L_0000000001849940;  1 drivers
v0000000001778590_0 .net *"_s12", 0 0, L_00000000018b3340;  1 drivers
L_0000000001849988 .functor BUFT 1, C4<1111>, C4<0>, C4<0>, C4<0>;
v0000000001779850_0 .net/2u *"_s14", 3 0, L_0000000001849988;  1 drivers
L_00000000018499d0 .functor BUFT 1, C4<001>, C4<0>, C4<0>, C4<0>;
v00000000017783b0_0 .net/2u *"_s16", 2 0, L_00000000018499d0;  1 drivers
v0000000001778bd0_0 .net *"_s18", 0 0, L_00000000018b42e0;  1 drivers
L_0000000001849a18 .functor BUFT 1, C4<00>, C4<0>, C4<0>, C4<0>;
v0000000001778950_0 .net/2u *"_s20", 1 0, L_0000000001849a18;  1 drivers
v00000000017797b0_0 .net *"_s22", 0 0, L_00000000018b4060;  1 drivers
L_0000000001849a60 .functor BUFT 1, C4<0011>, C4<0>, C4<0>, C4<0>;
v00000000017781d0_0 .net/2u *"_s24", 3 0, L_0000000001849a60;  1 drivers
L_0000000001849aa8 .functor BUFT 1, C4<1100>, C4<0>, C4<0>, C4<0>;
v0000000001779b70_0 .net/2u *"_s26", 3 0, L_0000000001849aa8;  1 drivers
v0000000001779cb0_0 .net *"_s28", 3 0, L_00000000018b2b20;  1 drivers
L_0000000001849af0 .functor BUFT 1, C4<011>, C4<0>, C4<0>, C4<0>;
v00000000017786d0_0 .net/2u *"_s30", 2 0, L_0000000001849af0;  1 drivers
v00000000017790d0_0 .net *"_s32", 0 0, L_00000000018b24e0;  1 drivers
L_0000000001849b38 .functor BUFT 1, C4<0001>, C4<0>, C4<0>, C4<0>;
v0000000001778450_0 .net/2u *"_s34", 3 0, L_0000000001849b38;  1 drivers
v0000000001778810_0 .net *"_s36", 3 0, L_00000000018b2580;  1 drivers
L_0000000001849b80 .functor BUFT 1, C4<0000>, C4<0>, C4<0>, C4<0>;
v0000000001779df0_0 .net/2u *"_s38", 3 0, L_0000000001849b80;  1 drivers
v0000000001779170_0 .net/2u *"_s4", 0 0, L_00000000018498b0;  1 drivers
v0000000001778c70_0 .net *"_s40", 3 0, L_00000000018b2940;  1 drivers
v0000000001778310_0 .net *"_s42", 3 0, L_00000000018b3980;  1 drivers
v0000000001779e90_0 .net *"_s44", 3 0, L_00000000018b4100;  1 drivers
v0000000001779670_0 .net *"_s48", 31 0, L_00000000018b2620;  1 drivers
v0000000001778db0_0 .net *"_s50", 8 0, L_00000000018b4380;  1 drivers
L_0000000001849bc8 .functor BUFT 1, C4<00>, C4<0>, C4<0>, C4<0>;
v0000000001778630_0 .net *"_s53", 1 0, L_0000000001849bc8;  1 drivers
v00000000017795d0_0 .net *"_s6", 0 0, L_00000000018c3000;  1 drivers
L_00000000018498f8 .functor BUFT 1, C4<0000>, C4<0>, C4<0>, C4<0>;
v0000000001779f30_0 .net/2u *"_s8", 3 0, L_00000000018498f8;  1 drivers
v0000000001779210_0 .net "addr", 31 0, L_00000000018c3bd0;  alias, 1 drivers
v000000000177a070_0 .net "bwe", 3 0, L_00000000018b3c00;  1 drivers
v000000000177b150_0 .net "byte_offset", 1 0, L_00000000018b32a0;  1 drivers
v000000000177c9b0_0 .net "clk", 0 0, v000000000183f7f0_0;  alias, 1 drivers
v000000000177b5b0_0 .net "din", 31 0, L_00000000018c33f0;  alias, 1 drivers
v000000000177b330 .array "dmem", 0 127, 31 0;
v000000000177aa70_0 .var "dout", 31 0;
v000000000177b790_0 .net "raw_word_from_mem", 31 0, L_00000000018c3070;  1 drivers
v000000000177ca50_0 .var "shifted_data", 31 0;
v000000000177b3d0_0 .net "word_addr", 6 0, L_00000000018b2440;  1 drivers
E_0000000001758230 .event edge, v000000000177b150_0, v000000000177b790_0, v0000000001778f90_0, v000000000177ca50_0;
E_0000000001757c30 .event posedge, v000000000177c9b0_0;
L_00000000018b2440 .part L_00000000018c3bd0, 2, 7;
L_00000000018b32a0 .part L_00000000018c3bd0, 0, 2;
L_00000000018b3340 .cmp/eq 3, L_00000000018c2f90, L_0000000001849940;
L_00000000018b42e0 .cmp/eq 3, L_00000000018c2f90, L_00000000018499d0;
L_00000000018b4060 .cmp/eq 2, L_00000000018b32a0, L_0000000001849a18;
L_00000000018b2b20 .functor MUXZ 4, L_0000000001849aa8, L_0000000001849a60, L_00000000018b4060, C4<>;
L_00000000018b24e0 .cmp/eq 3, L_00000000018c2f90, L_0000000001849af0;
L_00000000018b2580 .shift/l 4, L_0000000001849b38, L_00000000018b32a0;
L_00000000018b2940 .functor MUXZ 4, L_0000000001849b80, L_00000000018b2580, L_00000000018b24e0, C4<>;
L_00000000018b3980 .functor MUXZ 4, L_00000000018b2940, L_00000000018b2b20, L_00000000018b42e0, C4<>;
L_00000000018b4100 .functor MUXZ 4, L_00000000018b3980, L_0000000001849988, L_00000000018b3340, C4<>;
L_00000000018b3c00 .functor MUXZ 4, L_00000000018b4100, L_00000000018498f8, L_00000000018c3000, C4<>;
L_00000000018b2620 .array/port v000000000177b330, L_00000000018b4380;
L_00000000018b4380 .concat [ 7 2 0 0], L_00000000018b2440, L_0000000001849bc8;
S_00000000012618c0 .scope module, "U_IM" "im" 4 40, 6 3 0, S_00000000012af7d0;
 .timescale 0 0;
    .port_info 0 /INPUT 11 "addr";
    .port_info 1 /OUTPUT 32 "dout";
L_00000000018c4650 .functor BUFZ 32, L_00000000018b33e0, C4<00000000000000000000000000000000>, C4<00000000000000000000000000000000>, C4<00000000000000000000000000000000>;
v000000000177b290 .array "ROM", 0 255, 31 0;
v000000000177bbf0_0 .net *"_s0", 31 0, L_00000000018b33e0;  1 drivers
v000000000177c5f0_0 .net "addr", 12 2, L_00000000018b3020;  1 drivers
v000000000177bab0_0 .net "dout", 31 0, L_00000000018c4650;  alias, 1 drivers
L_00000000018b33e0 .array/port v000000000177b290, L_00000000018b3020;
S_0000000001261a50 .scope module, "U_SCPU" "SCPU" 4 15, 7 5 0, S_00000000012af7d0;
 .timescale 0 0;
    .port_info 0 /INPUT 1 "clk";
    .port_info 1 /INPUT 1 "reset";
    .port_info 2 /INPUT 32 "inst_in";
    .port_info 3 /INPUT 32 "Data_in";
    .port_info 4 /OUTPUT 1 "mem_w";
    .port_info 5 /OUTPUT 32 "PC_out";
    .port_info 6 /OUTPUT 32 "Addr_out";
    .port_info 7 /OUTPUT 32 "Data_out";
    .port_info 8 /INPUT 5 "reg_sel";
    .port_info 9 /OUTPUT 32 "reg_data";
    .port_info 10 /OUTPUT 3 "dm_type";
L_00000000018481e8 .functor BUFT 1, C4<1>, C4<0>, C4<0>, C4<0>;
L_0000000001777110 .functor XNOR 1, L_00000000018c3380, L_00000000018481e8, C4<0>, C4<0>;
L_00000000018c3770 .functor AND 1, v0000000001736580_0, v000000000172fe60_0, C4<1>, C4<1>;
L_00000000018c4490 .functor AND 1, L_00000000018c3770, L_00000000018b1900, C4<1>, C4<1>;
L_00000000018c4500 .functor AND 1, L_00000000018c4490, L_00000000018b19a0, C4<1>, C4<1>;
L_00000000018c42d0 .functor AND 1, v000000000177d770_0, v000000000177c690_0, C4<1>, C4<1>;
L_00000000018c4340 .functor AND 1, L_00000000018c42d0, L_00000000018b0dc0, C4<1>, C4<1>;
L_00000000018c2e40 .functor AND 1, L_00000000018c4340, L_00000000018b1cc0, C4<1>, C4<1>;
L_00000000018c37e0 .functor AND 1, v00000000017faca0_0, v00000000017faa20_0, C4<1>, C4<1>;
L_00000000018c35b0 .functor AND 1, L_00000000018c37e0, L_00000000018b0b40, C4<1>, C4<1>;
L_00000000018c43b0 .functor AND 1, L_00000000018c35b0, L_00000000018b1d60, C4<1>, C4<1>;
L_00000000018c3c40 .functor AND 1, v0000000001736580_0, v000000000172fe60_0, C4<1>, C4<1>;
L_00000000018c3540 .functor AND 1, L_00000000018c3c40, L_00000000018af9c0, C4<1>, C4<1>;
L_00000000018c4570 .functor AND 1, L_00000000018c3540, L_00000000018b0fa0, C4<1>, C4<1>;
L_00000000018c3930 .functor AND 1, v000000000177d770_0, v000000000177c690_0, C4<1>, C4<1>;
L_00000000018c30e0 .functor AND 1, L_00000000018c3930, L_00000000018b1180, C4<1>, C4<1>;
L_00000000018c2f20 .functor AND 1, L_00000000018c30e0, L_00000000018b1e00, C4<1>, C4<1>;
L_00000000018c2d60 .functor AND 1, v00000000017faca0_0, v00000000017faa20_0, C4<1>, C4<1>;
L_00000000018c3b60 .functor AND 1, L_00000000018c2d60, L_00000000018b12c0, C4<1>, C4<1>;
L_00000000018c38c0 .functor AND 1, L_00000000018c3b60, L_00000000018b1f40, C4<1>, C4<1>;
L_00000000018c3bd0 .functor BUFZ 32, v000000000177b830_0, C4<00000000000000000000000000000000>, C4<00000000000000000000000000000000>, C4<00000000000000000000000000000000>;
L_00000000018c33f0 .functor BUFZ 32, v000000000177bb50_0, C4<00000000000000000000000000000000>, C4<00000000000000000000000000000000>, C4<00000000000000000000000000000000>;
L_00000000018c2f90 .functor BUFZ 3, v000000000177bf10_0, C4<000>, C4<000>, C4<000>;
v0000000001838e50_0 .net "Addr_out", 31 0, L_00000000018c3bd0;  alias, 1 drivers
v0000000001839850_0 .net "Data_in", 31 0, v000000000177aa70_0;  alias, 1 drivers
v0000000001839990_0 .net "Data_out", 31 0, L_00000000018c33f0;  alias, 1 drivers
v0000000001839530_0 .net "EX_ALUOp", 4 0, v000000000177df90_0;  1 drivers
v0000000001838090_0 .net "EX_ALUSrc", 0 0, v000000000177f750_0;  1 drivers
v00000000018398f0_0 .net "EX_ALU_in_B", 31 0, L_00000000018b41a0;  1 drivers
v0000000001838810_0 .net "EX_ALU_out", 31 0, v00000000017fc0a0_0;  1 drivers
v0000000001837eb0_0 .net "EX_DMType", 2 0, v000000000177e490_0;  1 drivers
v0000000001838130_0 .net "EX_Imm", 31 0, v000000000177d130_0;  1 drivers
v0000000001839670_0 .net "EX_MemRead", 0 0, v000000000177da90_0;  1 drivers
v00000000018390d0_0 .net "EX_MemWrite", 0 0, v000000000177f430_0;  1 drivers
v0000000001838a90_0 .net "EX_NPCOp", 2 0, v000000000177d450_0;  1 drivers
v0000000001838f90_0 .net "EX_PC", 31 0, v000000000177e530_0;  1 drivers
v0000000001837f50_0 .net "EX_PC_plus_4", 31 0, v000000000177d8b0_0;  1 drivers
v0000000001838b30_0 .net "EX_RD1", 31 0, v000000000177fcf0_0;  1 drivers
v00000000018384f0_0 .net "EX_RD2", 31 0, v000000000177fbb0_0;  1 drivers
v0000000001839a30_0 .net "EX_RegWrite", 0 0, v000000000172fe60_0;  1 drivers
v0000000001837cd0_0 .net "EX_WDSel", 1 0, v0000000001736940_0;  1 drivers
v0000000001837a50_0 .net "EX_Zero", 0 0, L_00000000018b3160;  1 drivers
v00000000018389f0_0 .net "EX_rd", 4 0, v000000000177fa70_0;  1 drivers
v00000000018393f0_0 .net "ForwardA", 1 0, L_00000000018b0f00;  1 drivers
v0000000001839210_0 .net "ForwardB", 1 0, L_00000000018afa60;  1 drivers
v0000000001837c30_0 .net "ID_ALUOp", 4 0, L_00000000018aede0;  1 drivers
v0000000001837af0_0 .net "ID_ALUSrc", 0 0, L_00000000018c0e20;  1 drivers
v0000000001837ff0_0 .net "ID_DMType", 2 0, L_00000000018b1ae0;  1 drivers
v0000000001838ef0_0 .net "ID_EXTOp", 5 0, L_00000000018adee0;  1 drivers
o00000000017abae8 .functor BUFZ 2, C4<zz>; HiZ drive
v0000000001839350_0 .net "ID_GPRSel", 1 0, o00000000017abae8;  0 drivers
v0000000001838db0_0 .net "ID_Imm", 31 0, v000000000177c2d0_0;  1 drivers
v0000000001837d70_0 .net "ID_MemRead", 0 0, L_00000000018c0bf0;  1 drivers
v0000000001838bd0_0 .net "ID_MemWrite", 0 0, L_00000000018c0790;  1 drivers
v0000000001838770_0 .net "ID_NPCOp", 2 0, L_00000000018aed40;  1 drivers
v0000000001839490_0 .net "ID_PC", 31 0, v0000000001736e40_0;  1 drivers
v0000000001839c10_0 .net "ID_PC_plus_4", 31 0, v0000000001736b20_0;  1 drivers
v0000000001839030_0 .net "ID_RD1", 31 0, L_00000000018afba0;  1 drivers
v0000000001837e10_0 .net "ID_RD1_final", 31 0, L_00000000018b35c0;  1 drivers
v0000000001837910_0 .net "ID_RD2", 31 0, L_00000000018b14a0;  1 drivers
v00000000018397b0_0 .net "ID_RD2_final", 31 0, L_00000000018b3480;  1 drivers
v00000000018383b0_0 .net "ID_RegWrite", 0 0, L_00000000018c06b0;  1 drivers
v00000000018386d0_0 .net "ID_WDSel", 1 0, L_00000000018aeca0;  1 drivers
v0000000001839ad0_0 .net "ID_Zero", 0 0, L_00000000018c4810;  1 drivers
v0000000001838c70_0 .net "ID_inst", 31 0, v0000000001734e60_0;  1 drivers
v0000000001839b70_0 .net "ID_rd", 4 0, L_00000000018307f0;  1 drivers
v0000000001839170_0 .net "ID_rs1", 4 0, L_0000000001831bf0;  1 drivers
v00000000018392b0_0 .net "ID_rs2", 4 0, L_0000000001832050;  1 drivers
v00000000018381d0_0 .net "IF_PC_plus_4", 31 0, L_00000000018316f0;  1 drivers
v0000000001837b90_0 .net "MEM_ALU_out", 31 0, v000000000177b830_0;  1 drivers
v0000000001838d10_0 .net "MEM_DMType", 2 0, v000000000177bf10_0;  1 drivers
v0000000001839cb0_0 .net "MEM_MemRead", 0 0, v000000000177b650_0;  1 drivers
v0000000001838630_0 .net "MEM_MemWrite", 0 0, v000000000177bc90_0;  1 drivers
v0000000001839d50_0 .net "MEM_PC_plus_4", 31 0, v000000000177ce10_0;  1 drivers
v0000000001838270_0 .net "MEM_RegWrite", 0 0, v000000000177c690_0;  1 drivers
v00000000018388b0_0 .net "MEM_Result", 31 0, L_00000000018b3e80;  1 drivers
v0000000001838950_0 .net "MEM_Store_Data", 31 0, v000000000177bb50_0;  1 drivers
v00000000018395d0_0 .net "MEM_WDSel", 1 0, v000000000177cd70_0;  1 drivers
v0000000001838310_0 .net "MEM_rd", 4 0, v000000000177caf0_0;  1 drivers
v0000000001839710_0 .net "NPC", 31 0, L_00000000018309d0;  1 drivers
v0000000001839df0_0 .net "PC_out", 31 0, v00000000017fa480_0;  alias, 1 drivers
v0000000001838450_0 .net "WB_ALU_out", 31 0, v000000000121c9b0_0;  1 drivers
v0000000001839e90_0 .net "WB_PC_plus_4", 31 0, v00000000017fa980_0;  1 drivers
v0000000001839f30_0 .net "WB_Read_Data", 31 0, v00000000017fa340_0;  1 drivers
v000000000183a070_0 .net "WB_RegWrite", 0 0, v00000000017faa20_0;  1 drivers
v0000000001839fd0_0 .net "WB_RegWrite_final", 0 0, L_00000000018afec0;  1 drivers
v0000000001838590_0 .net "WB_WDSel", 1 0, v00000000017fbba0_0;  1 drivers
v00000000018379b0_0 .net "WB_Write_Data", 31 0, L_00000000018b4240;  1 drivers
v000000000183b150_0 .net "WB_rd", 4 0, v00000000017fb380_0;  1 drivers
L_0000000001848230 .functor BUFT 1, C4<000>, C4<0>, C4<0>, C4<0>;
v000000000183b1f0_0 .net/2u *"_s10", 2 0, L_0000000001848230;  1 drivers
v000000000183b8d0_0 .net *"_s100", 0 0, L_00000000018b0dc0;  1 drivers
v000000000183a250_0 .net *"_s102", 0 0, L_00000000018c4340;  1 drivers
v000000000183b830_0 .net *"_s104", 0 0, L_00000000018b1cc0;  1 drivers
v000000000183ad90_0 .net *"_s106", 0 0, L_00000000018c2e40;  1 drivers
L_0000000001848f68 .functor BUFT 1, C4<01>, C4<0>, C4<0>, C4<0>;
v000000000183b6f0_0 .net/2u *"_s108", 1 0, L_0000000001848f68;  1 drivers
v000000000183bab0_0 .net *"_s110", 0 0, L_00000000018c37e0;  1 drivers
v000000000183a570_0 .net *"_s112", 31 0, L_00000000018b0960;  1 drivers
L_0000000001848fb0 .functor BUFT 1, C4<000000000000000000000000000>, C4<0>, C4<0>, C4<0>;
v000000000183c050_0 .net *"_s115", 26 0, L_0000000001848fb0;  1 drivers
L_0000000001848ff8 .functor BUFT 1, C4<00000000000000000000000000000000>, C4<0>, C4<0>, C4<0>;
v000000000183b290_0 .net/2u *"_s116", 31 0, L_0000000001848ff8;  1 drivers
v000000000183ae30_0 .net *"_s118", 0 0, L_00000000018b0b40;  1 drivers
v000000000183b790_0 .net *"_s12", 0 0, L_00000000018306b0;  1 drivers
v000000000183a610_0 .net *"_s120", 0 0, L_00000000018c35b0;  1 drivers
v000000000183a1b0_0 .net *"_s122", 0 0, L_00000000018b1d60;  1 drivers
v000000000183a930_0 .net *"_s124", 0 0, L_00000000018c43b0;  1 drivers
L_0000000001849040 .functor BUFT 1, C4<11>, C4<0>, C4<0>, C4<0>;
v000000000183bc90_0 .net/2u *"_s126", 1 0, L_0000000001849040;  1 drivers
L_0000000001849088 .functor BUFT 1, C4<00>, C4<0>, C4<0>, C4<0>;
v000000000183a2f0_0 .net/2u *"_s128", 1 0, L_0000000001849088;  1 drivers
v000000000183b970_0 .net *"_s130", 1 0, L_00000000018b0be0;  1 drivers
v000000000183aed0_0 .net *"_s132", 1 0, L_00000000018b0e60;  1 drivers
v000000000183bb50_0 .net *"_s136", 0 0, L_00000000018c3c40;  1 drivers
v000000000183a390_0 .net *"_s138", 31 0, L_00000000018b1fe0;  1 drivers
L_0000000001848278 .functor BUFT 1, C4<00000000000000000000000000000100>, C4<0>, C4<0>, C4<0>;
v000000000183bbf0_0 .net/2u *"_s14", 31 0, L_0000000001848278;  1 drivers
L_00000000018490d0 .functor BUFT 1, C4<000000000000000000000000000>, C4<0>, C4<0>, C4<0>;
v000000000183af70_0 .net *"_s141", 26 0, L_00000000018490d0;  1 drivers
L_0000000001849118 .functor BUFT 1, C4<00000000000000000000000000000000>, C4<0>, C4<0>, C4<0>;
v000000000183ab10_0 .net/2u *"_s142", 31 0, L_0000000001849118;  1 drivers
v000000000183c5f0_0 .net *"_s144", 0 0, L_00000000018af9c0;  1 drivers
v000000000183b010_0 .net *"_s146", 0 0, L_00000000018c3540;  1 drivers
v000000000183c230_0 .net *"_s148", 0 0, L_00000000018b0fa0;  1 drivers
v000000000183b0b0_0 .net *"_s150", 0 0, L_00000000018c4570;  1 drivers
L_0000000001849160 .functor BUFT 1, C4<10>, C4<0>, C4<0>, C4<0>;
v000000000183a430_0 .net/2u *"_s152", 1 0, L_0000000001849160;  1 drivers
v000000000183ba10_0 .net *"_s154", 0 0, L_00000000018c3930;  1 drivers
v000000000183bd30_0 .net *"_s156", 31 0, L_00000000018b1040;  1 drivers
L_00000000018491a8 .functor BUFT 1, C4<000000000000000000000000000>, C4<0>, C4<0>, C4<0>;
v000000000183c2d0_0 .net *"_s159", 26 0, L_00000000018491a8;  1 drivers
v000000000183c730_0 .net *"_s16", 31 0, L_00000000018320f0;  1 drivers
L_00000000018491f0 .functor BUFT 1, C4<00000000000000000000000000000000>, C4<0>, C4<0>, C4<0>;
v000000000183aa70_0 .net/2u *"_s160", 31 0, L_00000000018491f0;  1 drivers
v000000000183b3d0_0 .net *"_s162", 0 0, L_00000000018b1180;  1 drivers
v000000000183bdd0_0 .net *"_s164", 0 0, L_00000000018c30e0;  1 drivers
v000000000183be70_0 .net *"_s166", 0 0, L_00000000018b1e00;  1 drivers
v000000000183b330_0 .net *"_s168", 0 0, L_00000000018c2f20;  1 drivers
L_0000000001849238 .functor BUFT 1, C4<01>, C4<0>, C4<0>, C4<0>;
v000000000183b470_0 .net/2u *"_s170", 1 0, L_0000000001849238;  1 drivers
v000000000183a4d0_0 .net *"_s172", 0 0, L_00000000018c2d60;  1 drivers
v000000000183bf10_0 .net *"_s174", 31 0, L_00000000018b1220;  1 drivers
L_0000000001849280 .functor BUFT 1, C4<000000000000000000000000000>, C4<0>, C4<0>, C4<0>;
v000000000183bfb0_0 .net *"_s177", 26 0, L_0000000001849280;  1 drivers
L_00000000018492c8 .functor BUFT 1, C4<00000000000000000000000000000000>, C4<0>, C4<0>, C4<0>;
v000000000183a6b0_0 .net/2u *"_s178", 31 0, L_00000000018492c8;  1 drivers
L_00000000018482c0 .functor BUFT 1, C4<001>, C4<0>, C4<0>, C4<0>;
v000000000183b510_0 .net/2u *"_s18", 2 0, L_00000000018482c0;  1 drivers
v000000000183a750_0 .net *"_s180", 0 0, L_00000000018b12c0;  1 drivers
v000000000183a7f0_0 .net *"_s182", 0 0, L_00000000018c3b60;  1 drivers
v000000000183a890_0 .net *"_s184", 0 0, L_00000000018b1f40;  1 drivers
v000000000183c0f0_0 .net *"_s186", 0 0, L_00000000018c38c0;  1 drivers
L_0000000001849310 .functor BUFT 1, C4<11>, C4<0>, C4<0>, C4<0>;
v000000000183acf0_0 .net/2u *"_s188", 1 0, L_0000000001849310;  1 drivers
L_0000000001849358 .functor BUFT 1, C4<00>, C4<0>, C4<0>, C4<0>;
v000000000183c190_0 .net/2u *"_s190", 1 0, L_0000000001849358;  1 drivers
v000000000183a9d0_0 .net *"_s192", 1 0, L_00000000018b1400;  1 drivers
v000000000183b5b0_0 .net *"_s194", 1 0, L_00000000018af920;  1 drivers
L_00000000018493a0 .functor BUFT 1, C4<01>, C4<0>, C4<0>, C4<0>;
v000000000183abb0_0 .net/2u *"_s198", 1 0, L_00000000018493a0;  1 drivers
v000000000183c7d0_0 .net *"_s20", 0 0, L_0000000001832870;  1 drivers
v000000000183c410_0 .net *"_s200", 0 0, L_00000000018b3de0;  1 drivers
L_00000000018493e8 .functor BUFT 1, C4<10>, C4<0>, C4<0>, C4<0>;
v000000000183c370_0 .net/2u *"_s204", 1 0, L_00000000018493e8;  1 drivers
v000000000183c4b0_0 .net *"_s206", 0 0, L_00000000018b4560;  1 drivers
L_0000000001849430 .functor BUFT 1, C4<01>, C4<0>, C4<0>, C4<0>;
v000000000183c550_0 .net/2u *"_s208", 1 0, L_0000000001849430;  1 drivers
v000000000183c690_0 .net *"_s210", 0 0, L_00000000018b3200;  1 drivers
L_0000000001849478 .functor BUFT 1, C4<11>, C4<0>, C4<0>, C4<0>;
v000000000183b650_0 .net/2u *"_s212", 1 0, L_0000000001849478;  1 drivers
v000000000183c870_0 .net *"_s214", 0 0, L_00000000018b21c0;  1 drivers
v000000000183ac50_0 .net *"_s216", 31 0, L_00000000018b3b60;  1 drivers
v000000000183a110_0 .net *"_s218", 31 0, L_00000000018b38e0;  1 drivers
v000000000183e850_0 .net *"_s22", 31 0, L_0000000001831150;  1 drivers
L_00000000018494c0 .functor BUFT 1, C4<10>, C4<0>, C4<0>, C4<0>;
v000000000183ec10_0 .net/2u *"_s222", 1 0, L_00000000018494c0;  1 drivers
v000000000183ca50_0 .net *"_s224", 0 0, L_00000000018b2120;  1 drivers
L_0000000001849508 .functor BUFT 1, C4<01>, C4<0>, C4<0>, C4<0>;
v000000000183cb90_0 .net/2u *"_s226", 1 0, L_0000000001849508;  1 drivers
v000000000183d1d0_0 .net *"_s228", 0 0, L_00000000018b3f20;  1 drivers
L_0000000001849550 .functor BUFT 1, C4<11>, C4<0>, C4<0>, C4<0>;
v000000000183d130_0 .net/2u *"_s230", 1 0, L_0000000001849550;  1 drivers
v000000000183ecb0_0 .net *"_s232", 0 0, L_00000000018b3840;  1 drivers
v000000000183d310_0 .net *"_s234", 31 0, L_00000000018b37a0;  1 drivers
v000000000183d950_0 .net *"_s236", 31 0, L_00000000018b3660;  1 drivers
L_0000000001848308 .functor BUFT 1, C4<010>, C4<0>, C4<0>, C4<0>;
v000000000183e8f0_0 .net/2u *"_s24", 2 0, L_0000000001848308;  1 drivers
L_0000000001849628 .functor BUFT 1, C4<000>, C4<0>, C4<0>, C4<0>;
v000000000183e990_0 .net/2u *"_s240", 2 0, L_0000000001849628;  1 drivers
v000000000183e710_0 .net *"_s242", 0 0, L_00000000018b2a80;  1 drivers
L_0000000001849670 .functor BUFT 1, C4<0>, C4<0>, C4<0>, C4<0>;
v000000000183cc30_0 .net/2u *"_s244", 0 0, L_0000000001849670;  1 drivers
L_00000000018496b8 .functor BUFT 1, C4<1>, C4<0>, C4<0>, C4<0>;
v000000000183d270_0 .net/2u *"_s246", 0 0, L_00000000018496b8;  1 drivers
L_0000000001849700 .functor BUFT 1, C4<1>, C4<0>, C4<0>, C4<0>;
v000000000183d590_0 .net/2u *"_s250", 0 0, L_0000000001849700;  1 drivers
L_0000000001849748 .functor BUFT 1, C4<0>, C4<0>, C4<0>, C4<0>;
v000000000183ceb0_0 .net/2u *"_s252", 0 0, L_0000000001849748;  1 drivers
v000000000183d3b0_0 .net *"_s26", 0 0, L_0000000001831f10;  1 drivers
L_00000000018497d8 .functor BUFT 1, C4<0>, C4<0>, C4<0>, C4<0>;
v000000000183e530_0 .net/2u *"_s262", 0 0, L_00000000018497d8;  1 drivers
L_0000000001849820 .functor BUFT 1, C4<10>, C4<0>, C4<0>, C4<0>;
v000000000183e0d0_0 .net/2u *"_s268", 1 0, L_0000000001849820;  1 drivers
v000000000183ce10_0 .net *"_s270", 0 0, L_00000000018b3a20;  1 drivers
L_0000000001849868 .functor BUFT 1, C4<01>, C4<0>, C4<0>, C4<0>;
v000000000183df90_0 .net/2u *"_s272", 1 0, L_0000000001849868;  1 drivers
v000000000183d9f0_0 .net *"_s274", 0 0, L_00000000018b28a0;  1 drivers
v000000000183db30_0 .net *"_s276", 31 0, L_00000000018b3fc0;  1 drivers
v000000000183ead0_0 .net *"_s28", 31 0, L_0000000001830390;  1 drivers
L_0000000001848350 .functor BUFT 1, C4<100>, C4<0>, C4<0>, C4<0>;
v000000000183d8b0_0 .net/2u *"_s30", 2 0, L_0000000001848350;  1 drivers
v000000000183d4f0_0 .net *"_s32", 0 0, L_0000000001830890;  1 drivers
v000000000183caf0_0 .net *"_s34", 31 0, L_0000000001830750;  1 drivers
L_0000000001848398 .functor BUFT 1, C4<00000000000000000000000000000100>, C4<0>, C4<0>, C4<0>;
v000000000183d450_0 .net/2u *"_s36", 31 0, L_0000000001848398;  1 drivers
v000000000183ea30_0 .net *"_s38", 31 0, L_00000000018304d0;  1 drivers
v000000000183e170_0 .net *"_s40", 31 0, L_0000000001830610;  1 drivers
v000000000183ccd0_0 .net *"_s42", 31 0, L_0000000001831330;  1 drivers
v000000000183de50_0 .net *"_s44", 31 0, L_00000000018325f0;  1 drivers
v000000000183e350_0 .net *"_s46", 31 0, L_0000000001830cf0;  1 drivers
L_00000000018483e0 .functor BUFT 1, C4<00000000000000000000000000000100>, C4<0>, C4<0>, C4<0>;
v000000000183ddb0_0 .net/2u *"_s50", 31 0, L_00000000018483e0;  1 drivers
v000000000183d630_0 .net/2u *"_s6", 0 0, L_00000000018481e8;  1 drivers
L_00000000018489c8 .functor BUFT 1, C4<0>, C4<0>, C4<0>, C4<0>;
v000000000183cd70_0 .net/2u *"_s66", 0 0, L_00000000018489c8;  1 drivers
v000000000183eb70_0 .net *"_s74", 0 0, L_00000000018c3770;  1 drivers
v000000000183da90_0 .net *"_s76", 31 0, L_00000000018b1360;  1 drivers
L_0000000001848e00 .functor BUFT 1, C4<000000000000000000000000000>, C4<0>, C4<0>, C4<0>;
v000000000183dbd0_0 .net *"_s79", 26 0, L_0000000001848e00;  1 drivers
v000000000183dc70_0 .net *"_s8", 0 0, L_0000000001777110;  1 drivers
L_0000000001848e48 .functor BUFT 1, C4<00000000000000000000000000000000>, C4<0>, C4<0>, C4<0>;
v000000000183e3f0_0 .net/2u *"_s80", 31 0, L_0000000001848e48;  1 drivers
v000000000183e210_0 .net *"_s82", 0 0, L_00000000018b1900;  1 drivers
v000000000183e2b0_0 .net *"_s84", 0 0, L_00000000018c4490;  1 drivers
v000000000183dd10_0 .net *"_s86", 0 0, L_00000000018b19a0;  1 drivers
v000000000183cf50_0 .net *"_s88", 0 0, L_00000000018c4500;  1 drivers
L_0000000001848e90 .functor BUFT 1, C4<10>, C4<0>, C4<0>, C4<0>;
v000000000183def0_0 .net/2u *"_s90", 1 0, L_0000000001848e90;  1 drivers
v000000000183e490_0 .net *"_s92", 0 0, L_00000000018c42d0;  1 drivers
v000000000183c910_0 .net *"_s94", 31 0, L_00000000018b08c0;  1 drivers
L_0000000001848ed8 .functor BUFT 1, C4<000000000000000000000000000>, C4<0>, C4<0>, C4<0>;
v000000000183cff0_0 .net *"_s97", 26 0, L_0000000001848ed8;  1 drivers
L_0000000001848f20 .functor BUFT 1, C4<00000000000000000000000000000000>, C4<0>, C4<0>, C4<0>;
v000000000183e7b0_0 .net/2u *"_s98", 31 0, L_0000000001848f20;  1 drivers
v000000000183e030_0 .net "clk", 0 0, v000000000183f7f0_0;  alias, 1 drivers
v000000000183e5d0_0 .net "dm_type", 2 0, L_00000000018c2f90;  alias, 1 drivers
L_0000000001848158 .functor BUFT 1, C4<0>, C4<0>, C4<0>, C4<0>;
v000000000183e670_0 .net "ex_mem_flush", 0 0, L_0000000001848158;  1 drivers
v000000000183ed50_0 .net "ex_mem_valid", 0 0, v000000000177d770_0;  1 drivers
v000000000183d090_0 .net "id_ex_flush", 0 0, L_00000000018b2f80;  1 drivers
v000000000183c9b0_0 .net "id_ex_valid", 0 0, v0000000001736580_0;  1 drivers
v000000000183edf0_0 .net "if_id_flush", 0 0, L_00000000018b23a0;  1 drivers
v000000000183d6d0_0 .net "if_id_valid", 0 0, L_0000000001831e70;  1 drivers
L_00000000018481a0 .functor BUFT 1, C4<1>, C4<0>, C4<0>, C4<0>;
v000000000183d770_0 .net "if_valid", 0 0, L_00000000018481a0;  1 drivers
v000000000183ee90_0 .net "inst_in", 31 0, L_00000000018c4650;  alias, 1 drivers
v000000000183d810_0 .net "mem_w", 0 0, L_00000000018af880;  alias, 1 drivers
L_0000000001848110 .functor BUFT 1, C4<0>, C4<0>, C4<0>, C4<0>;
v000000000183ef30_0 .net "mem_wb_flush", 0 0, L_0000000001848110;  1 drivers
v000000000183efd0_0 .net "mem_wb_valid", 0 0, v00000000017faca0_0;  1 drivers
v000000000183f070_0 .net "pipeline_stall", 0 0, L_00000000018c3380;  1 drivers
v000000000183f110_0 .net "reg_data", 31 0, o00000000017b5118;  alias, 0 drivers
v000000000183f610_0 .net "reg_sel", 4 0, v0000000001830250_0;  alias, 1 drivers
v000000000183f1b0_0 .net "reset", 0 0, L_0000000001776ee0;  alias, 1 drivers
L_00000000018306b0 .cmp/eq 3, L_00000000018aed40, L_0000000001848230;
L_00000000018320f0 .arith/sum 32, v00000000017fa480_0, L_0000000001848278;
L_0000000001832870 .cmp/eq 3, L_00000000018aed40, L_00000000018482c0;
L_0000000001831150 .arith/sum 32, v0000000001736e40_0, v000000000177c2d0_0;
L_0000000001831f10 .cmp/eq 3, L_00000000018aed40, L_0000000001848308;
L_0000000001830390 .arith/sum 32, v0000000001736e40_0, v000000000177c2d0_0;
L_0000000001830890 .cmp/eq 3, L_00000000018aed40, L_0000000001848350;
L_0000000001830750 .arith/sum 32, L_00000000018b35c0, v000000000177c2d0_0;
L_00000000018304d0 .arith/sum 32, v00000000017fa480_0, L_0000000001848398;
L_0000000001830610 .functor MUXZ 32, L_00000000018304d0, L_0000000001830750, L_0000000001830890, C4<>;
L_0000000001831330 .functor MUXZ 32, L_0000000001830610, L_0000000001830390, L_0000000001831f10, C4<>;
L_00000000018325f0 .functor MUXZ 32, L_0000000001831330, L_0000000001831150, L_0000000001832870, C4<>;
L_0000000001830cf0 .functor MUXZ 32, L_00000000018325f0, L_00000000018320f0, L_00000000018306b0, C4<>;
L_00000000018309d0 .functor MUXZ 32, L_0000000001830cf0, v00000000017fa480_0, L_0000000001777110, C4<>;
L_00000000018316f0 .arith/sum 32, v00000000017fa480_0, L_00000000018483e0;
L_0000000001831bf0 .part v0000000001734e60_0, 15, 5;
L_0000000001832050 .part v0000000001734e60_0, 20, 5;
L_00000000018307f0 .part v0000000001734e60_0, 7, 5;
L_00000000018afc40 .part v0000000001734e60_0, 0, 7;
L_00000000018afce0 .part v0000000001734e60_0, 25, 7;
L_00000000018b1b80 .part v0000000001734e60_0, 12, 3;
L_00000000018afec0 .functor MUXZ 1, L_00000000018489c8, v00000000017faa20_0, v00000000017faca0_0, C4<>;
L_00000000018b1860 .part v0000000001734e60_0, 0, 7;
L_00000000018b03c0 .part v0000000001734e60_0, 12, 3;
L_00000000018b1360 .concat [ 5 27 0 0], v000000000177fa70_0, L_0000000001848e00;
L_00000000018b1900 .cmp/ne 32, L_00000000018b1360, L_0000000001848e48;
L_00000000018b19a0 .cmp/eq 5, v000000000177fa70_0, L_0000000001831bf0;
L_00000000018b08c0 .concat [ 5 27 0 0], v000000000177caf0_0, L_0000000001848ed8;
L_00000000018b0dc0 .cmp/ne 32, L_00000000018b08c0, L_0000000001848f20;
L_00000000018b1cc0 .cmp/eq 5, v000000000177caf0_0, L_0000000001831bf0;
L_00000000018b0960 .concat [ 5 27 0 0], v00000000017fb380_0, L_0000000001848fb0;
L_00000000018b0b40 .cmp/ne 32, L_00000000018b0960, L_0000000001848ff8;
L_00000000018b1d60 .cmp/eq 5, v00000000017fb380_0, L_0000000001831bf0;
L_00000000018b0be0 .functor MUXZ 2, L_0000000001849088, L_0000000001849040, L_00000000018c43b0, C4<>;
L_00000000018b0e60 .functor MUXZ 2, L_00000000018b0be0, L_0000000001848f68, L_00000000018c2e40, C4<>;
L_00000000018b0f00 .functor MUXZ 2, L_00000000018b0e60, L_0000000001848e90, L_00000000018c4500, C4<>;
L_00000000018b1fe0 .concat [ 5 27 0 0], v000000000177fa70_0, L_00000000018490d0;
L_00000000018af9c0 .cmp/ne 32, L_00000000018b1fe0, L_0000000001849118;
L_00000000018b0fa0 .cmp/eq 5, v000000000177fa70_0, L_0000000001832050;
L_00000000018b1040 .concat [ 5 27 0 0], v000000000177caf0_0, L_00000000018491a8;
L_00000000018b1180 .cmp/ne 32, L_00000000018b1040, L_00000000018491f0;
L_00000000018b1e00 .cmp/eq 5, v000000000177caf0_0, L_0000000001832050;
L_00000000018b1220 .concat [ 5 27 0 0], v00000000017fb380_0, L_0000000001849280;
L_00000000018b12c0 .cmp/ne 32, L_00000000018b1220, L_00000000018492c8;
L_00000000018b1f40 .cmp/eq 5, v00000000017fb380_0, L_0000000001832050;
L_00000000018b1400 .functor MUXZ 2, L_0000000001849358, L_0000000001849310, L_00000000018c38c0, C4<>;
L_00000000018af920 .functor MUXZ 2, L_00000000018b1400, L_0000000001849238, L_00000000018c2f20, C4<>;
L_00000000018afa60 .functor MUXZ 2, L_00000000018af920, L_0000000001849160, L_00000000018c4570, C4<>;
L_00000000018b3de0 .cmp/eq 2, v000000000177cd70_0, L_00000000018493a0;
L_00000000018b3e80 .functor MUXZ 32, v000000000177b830_0, v000000000177aa70_0, L_00000000018b3de0, C4<>;
L_00000000018b4560 .cmp/eq 2, L_00000000018b0f00, L_00000000018493e8;
L_00000000018b3200 .cmp/eq 2, L_00000000018b0f00, L_0000000001849430;
L_00000000018b21c0 .cmp/eq 2, L_00000000018b0f00, L_0000000001849478;
L_00000000018b3b60 .functor MUXZ 32, L_00000000018afba0, L_00000000018b4240, L_00000000018b21c0, C4<>;
L_00000000018b38e0 .functor MUXZ 32, L_00000000018b3b60, L_00000000018b3e80, L_00000000018b3200, C4<>;
L_00000000018b35c0 .functor MUXZ 32, L_00000000018b38e0, v00000000017fc0a0_0, L_00000000018b4560, C4<>;
L_00000000018b2120 .cmp/eq 2, L_00000000018afa60, L_00000000018494c0;
L_00000000018b3f20 .cmp/eq 2, L_00000000018afa60, L_0000000001849508;
L_00000000018b3840 .cmp/eq 2, L_00000000018afa60, L_0000000001849550;
L_00000000018b37a0 .functor MUXZ 32, L_00000000018b14a0, L_00000000018b4240, L_00000000018b3840, C4<>;
L_00000000018b3660 .functor MUXZ 32, L_00000000018b37a0, L_00000000018b3e80, L_00000000018b3f20, C4<>;
L_00000000018b3480 .functor MUXZ 32, L_00000000018b3660, v00000000017fc0a0_0, L_00000000018b2120, C4<>;
L_00000000018b2a80 .cmp/eq 3, L_00000000018aed40, L_0000000001849628;
L_00000000018b23a0 .functor MUXZ 1, L_00000000018496b8, L_0000000001849670, L_00000000018b2a80, C4<>;
L_00000000018b2f80 .functor MUXZ 1, L_0000000001849748, L_0000000001849700, L_00000000018c3380, C4<>;
L_00000000018b41a0 .functor MUXZ 32, v000000000177fbb0_0, v000000000177d130_0, v000000000177f750_0, C4<>;
L_00000000018af880 .functor MUXZ 1, L_00000000018497d8, v000000000177bc90_0, v000000000177d770_0, C4<>;
L_00000000018b3a20 .cmp/eq 2, v00000000017fbba0_0, L_0000000001849820;
L_00000000018b28a0 .cmp/eq 2, v00000000017fbba0_0, L_0000000001849868;
L_00000000018b3fc0 .functor MUXZ 32, v000000000121c9b0_0, v00000000017fa340_0, L_00000000018b28a0, C4<>;
L_00000000018b4240 .functor MUXZ 32, L_00000000018b3fc0, v00000000017fa980_0, L_00000000018b3a20, C4<>;
S_0000000001232de0 .scope module, "U_EXT" "EXT" 7 129, 8 4 0, S_0000000001261a50;
 .timescale 0 0;
    .port_info 0 /INPUT 32 "inst";
    .port_info 1 /INPUT 6 "EXTOp";
    .port_info 2 /OUTPUT 32 "immout";
v000000000177b6f0_0 .net "EXTOp", 5 0, L_00000000018adee0;  alias, 1 drivers
v000000000177c2d0_0 .var "immout", 31 0;
v000000000177ceb0_0 .net "inst", 31 0, v0000000001734e60_0;  alias, 1 drivers
E_0000000001757cb0 .event edge, v000000000177b6f0_0, v000000000177ceb0_0;
S_0000000001232f70 .scope module, "U_EX_MEM_REG" "EX_MEM_Register" 7 205, 9 4 0, S_0000000001261a50;
 .timescale 0 0;
    .port_info 0 /INPUT 1 "clk";
    .port_info 1 /INPUT 1 "reset";
    .port_info 2 /INPUT 32 "i_ALU_out";
    .port_info 3 /INPUT 32 "i_Store_Data";
    .port_info 4 /INPUT 5 "i_rd";
    .port_info 5 /INPUT 32 "i_PC_plus_4";
    .port_info 6 /INPUT 1 "i_RegWrite";
    .port_info 7 /INPUT 1 "i_MemWrite";
    .port_info 8 /INPUT 1 "i_MemRead";
    .port_info 9 /INPUT 2 "i_WDSel";
    .port_info 10 /INPUT 3 "i_DMType";
    .port_info 11 /INPUT 1 "i_valid";
    .port_info 12 /INPUT 1 "flush";
    .port_info 13 /OUTPUT 1 "o_valid";
    .port_info 14 /OUTPUT 32 "o_ALU_out";
    .port_info 15 /OUTPUT 32 "o_Store_Data";
    .port_info 16 /OUTPUT 5 "o_rd";
    .port_info 17 /OUTPUT 32 "o_PC_plus_4";
    .port_info 18 /OUTPUT 1 "o_RegWrite";
    .port_info 19 /OUTPUT 1 "o_MemWrite";
    .port_info 20 /OUTPUT 1 "o_MemRead";
    .port_info 21 /OUTPUT 2 "o_WDSel";
    .port_info 22 /OUTPUT 3 "o_DMType";
v000000000177d090_0 .net "clk", 0 0, v000000000183f7f0_0;  alias, 1 drivers
v000000000177c230_0 .net "flush", 0 0, L_0000000001848158;  alias, 1 drivers
v000000000177ac50_0 .net "i_ALU_out", 31 0, v00000000017fc0a0_0;  alias, 1 drivers
v000000000177c370_0 .net "i_DMType", 2 0, v000000000177e490_0;  alias, 1 drivers
v000000000177cf50_0 .net "i_MemRead", 0 0, v000000000177da90_0;  alias, 1 drivers
v000000000177a930_0 .net "i_MemWrite", 0 0, v000000000177f430_0;  alias, 1 drivers
v000000000177b1f0_0 .net "i_PC_plus_4", 31 0, v000000000177d8b0_0;  alias, 1 drivers
v000000000177cff0_0 .net "i_RegWrite", 0 0, v000000000172fe60_0;  alias, 1 drivers
v000000000177c730_0 .net "i_Store_Data", 31 0, v000000000177fbb0_0;  alias, 1 drivers
v000000000177c7d0_0 .net "i_WDSel", 1 0, v0000000001736940_0;  alias, 1 drivers
v000000000177a9d0_0 .net "i_rd", 4 0, v000000000177fa70_0;  alias, 1 drivers
v000000000177ab10_0 .net "i_valid", 0 0, v0000000001736580_0;  alias, 1 drivers
v000000000177aed0_0 .net "o_ALU_out", 31 0, v000000000177b830_0;  alias, 1 drivers
v000000000177efd0_0 .net "o_DMType", 2 0, v000000000177bf10_0;  alias, 1 drivers
v000000000177def0_0 .net "o_MemRead", 0 0, v000000000177b650_0;  alias, 1 drivers
v000000000177f1b0_0 .net "o_MemWrite", 0 0, v000000000177bc90_0;  alias, 1 drivers
v000000000177e2b0_0 .net "o_PC_plus_4", 31 0, v000000000177ce10_0;  alias, 1 drivers
v000000000177f110_0 .net "o_RegWrite", 0 0, v000000000177c690_0;  alias, 1 drivers
v000000000177f7f0_0 .net "o_Store_Data", 31 0, v000000000177bb50_0;  alias, 1 drivers
v000000000177d1d0_0 .net "o_WDSel", 1 0, v000000000177cd70_0;  alias, 1 drivers
v000000000177dd10_0 .net "o_rd", 4 0, v000000000177caf0_0;  alias, 1 drivers
v000000000177d270_0 .net "o_valid", 0 0, v000000000177d770_0;  alias, 1 drivers
v000000000177e3f0_0 .net "reset", 0 0, L_0000000001776ee0;  alias, 1 drivers
v000000000177d770_0 .var "valid_reg", 0 0;
S_000000000122b9b0 .scope module, "DMType_reg" "pipeline_reg" 9 58, 10 2 0, S_0000000001232f70;
 .timescale 0 0;
    .port_info 0 /INPUT 1 "clk";
    .port_info 1 /INPUT 1 "reset";
    .port_info 2 /INPUT 3 "d";
    .port_info 3 /OUTPUT 3 "q";
P_0000000001758870 .param/l "WIDTH" 0 10 3, +C4<00000000000000000000000000000011>;
v000000000177acf0_0 .net "clk", 0 0, v000000000183f7f0_0;  alias, 1 drivers
v000000000177ad90_0 .net "d", 2 0, v000000000177e490_0;  alias, 1 drivers
v000000000177bf10_0 .var "q", 2 0;
v000000000177c870_0 .net "reset", 0 0, L_0000000001776ee0;  alias, 1 drivers
E_0000000001757cf0 .event posedge, v000000000177c870_0, v000000000177c9b0_0;
S_00000000012aad30 .scope module, "alu_out_reg" "pipeline_reg" 9 48, 10 2 0, S_0000000001232f70;
 .timescale 0 0;
    .port_info 0 /INPUT 1 "clk";
    .port_info 1 /INPUT 1 "reset";
    .port_info 2 /INPUT 32 "d";
    .port_info 3 /OUTPUT 32 "q";
P_0000000001757db0 .param/l "WIDTH" 0 10 3, +C4<00000000000000000000000000100000>;
v000000000177c910_0 .net "clk", 0 0, v000000000183f7f0_0;  alias, 1 drivers
v000000000177be70_0 .net "d", 31 0, v00000000017fc0a0_0;  alias, 1 drivers
v000000000177b830_0 .var "q", 31 0;
v000000000177c050_0 .net "reset", 0 0, L_0000000001776ee0;  alias, 1 drivers
S_00000000012aaec0 .scope module, "memread_reg" "pipeline_reg" 9 56, 10 2 0, S_0000000001232f70;
 .timescale 0 0;
    .port_info 0 /INPUT 1 "clk";
    .port_info 1 /INPUT 1 "reset";
    .port_info 2 /INPUT 1 "d";
    .port_info 3 /OUTPUT 1 "q";
P_0000000001757df0 .param/l "WIDTH" 0 10 3, +C4<00000000000000000000000000000001>;
v000000000177abb0_0 .net "clk", 0 0, v000000000183f7f0_0;  alias, 1 drivers
v000000000177c410_0 .net "d", 0 0, v000000000177da90_0;  alias, 1 drivers
v000000000177b650_0 .var "q", 0 0;
v000000000177bfb0_0 .net "reset", 0 0, L_0000000001776ee0;  alias, 1 drivers
S_00000000012a4c90 .scope module, "memwrite_reg" "pipeline_reg" 9 55, 10 2 0, S_0000000001232f70;
 .timescale 0 0;
    .port_info 0 /INPUT 1 "clk";
    .port_info 1 /INPUT 1 "reset";
    .port_info 2 /INPUT 1 "d";
    .port_info 3 /OUTPUT 1 "q";
P_0000000001757ff0 .param/l "WIDTH" 0 10 3, +C4<00000000000000000000000000000001>;
v000000000177b8d0_0 .net "clk", 0 0, v000000000183f7f0_0;  alias, 1 drivers
v000000000177b0b0_0 .net "d", 0 0, v000000000177f430_0;  alias, 1 drivers
v000000000177bc90_0 .var "q", 0 0;
v000000000177ae30_0 .net "reset", 0 0, L_0000000001776ee0;  alias, 1 drivers
S_00000000012a4e20 .scope module, "pc_reg" "pipeline_reg" 9 51, 10 2 0, S_0000000001232f70;
 .timescale 0 0;
    .port_info 0 /INPUT 1 "clk";
    .port_info 1 /INPUT 1 "reset";
    .port_info 2 /INPUT 32 "d";
    .port_info 3 /OUTPUT 32 "q";
P_0000000001758030 .param/l "WIDTH" 0 10 3, +C4<00000000000000000000000000100000>;
v000000000177bd30_0 .net "clk", 0 0, v000000000183f7f0_0;  alias, 1 drivers
v000000000177af70_0 .net "d", 31 0, v000000000177d8b0_0;  alias, 1 drivers
v000000000177ce10_0 .var "q", 31 0;
v000000000177bdd0_0 .net "reset", 0 0, L_0000000001776ee0;  alias, 1 drivers
S_00000000012907c0 .scope module, "rd_addr_reg" "pipeline_reg" 9 50, 10 2 0, S_0000000001232f70;
 .timescale 0 0;
    .port_info 0 /INPUT 1 "clk";
    .port_info 1 /INPUT 1 "reset";
    .port_info 2 /INPUT 5 "d";
    .port_info 3 /OUTPUT 5 "q";
P_00000000017583b0 .param/l "WIDTH" 0 10 3, +C4<00000000000000000000000000000101>;
v000000000177b970_0 .net "clk", 0 0, v000000000183f7f0_0;  alias, 1 drivers
v000000000177b470_0 .net "d", 4 0, v000000000177fa70_0;  alias, 1 drivers
v000000000177caf0_0 .var "q", 4 0;
v000000000177cb90_0 .net "reset", 0 0, L_0000000001776ee0;  alias, 1 drivers
S_0000000001290950 .scope module, "regwrite_reg" "pipeline_reg" 9 54, 10 2 0, S_0000000001232f70;
 .timescale 0 0;
    .port_info 0 /INPUT 1 "clk";
    .port_info 1 /INPUT 1 "reset";
    .port_info 2 /INPUT 1 "d";
    .port_info 3 /OUTPUT 1 "q";
P_00000000017582b0 .param/l "WIDTH" 0 10 3, +C4<00000000000000000000000000000001>;
v000000000177cc30_0 .net "clk", 0 0, v000000000183f7f0_0;  alias, 1 drivers
v000000000177ba10_0 .net "d", 0 0, v000000000172fe60_0;  alias, 1 drivers
v000000000177c690_0 .var "q", 0 0;
v000000000177ccd0_0 .net "reset", 0 0, L_0000000001776ee0;  alias, 1 drivers
S_0000000001281010 .scope module, "store_data_reg" "pipeline_reg" 9 49, 10 2 0, S_0000000001232f70;
 .timescale 0 0;
    .port_info 0 /INPUT 1 "clk";
    .port_info 1 /INPUT 1 "reset";
    .port_info 2 /INPUT 32 "d";
    .port_info 3 /OUTPUT 32 "q";
P_00000000017582f0 .param/l "WIDTH" 0 10 3, +C4<00000000000000000000000000100000>;
v000000000177c550_0 .net "clk", 0 0, v000000000183f7f0_0;  alias, 1 drivers
v000000000177c4b0_0 .net "d", 31 0, v000000000177fbb0_0;  alias, 1 drivers
v000000000177bb50_0 .var "q", 31 0;
v000000000177c0f0_0 .net "reset", 0 0, L_0000000001776ee0;  alias, 1 drivers
S_00000000017f2650 .scope module, "wdsel_reg" "pipeline_reg" 9 57, 10 2 0, S_0000000001232f70;
 .timescale 0 0;
    .port_info 0 /INPUT 1 "clk";
    .port_info 1 /INPUT 1 "reset";
    .port_info 2 /INPUT 2 "d";
    .port_info 3 /OUTPUT 2 "q";
P_000000000175b0b0 .param/l "WIDTH" 0 10 3, +C4<00000000000000000000000000000010>;
v000000000177b010_0 .net "clk", 0 0, v000000000183f7f0_0;  alias, 1 drivers
v000000000177c190_0 .net "d", 1 0, v0000000001736940_0;  alias, 1 drivers
v000000000177cd70_0 .var "q", 1 0;
v000000000177b510_0 .net "reset", 0 0, L_0000000001776ee0;  alias, 1 drivers
S_00000000017f2b00 .scope module, "U_Hazard" "HazardDetectionUnit" 7 168, 11 1 0, S_0000000001261a50;
 .timescale 0 0;
    .port_info 0 /INPUT 1 "EX_MemRead";
    .port_info 1 /INPUT 5 "EX_rd";
    .port_info 2 /INPUT 5 "ID_rs1";
    .port_info 3 /INPUT 5 "ID_rs2";
    .port_info 4 /OUTPUT 1 "PipelineStall";
L_00000000018c39a0 .functor AND 1, v000000000177da90_0, L_00000000018b29e0, C4<1>, C4<1>;
L_00000000018c32a0 .functor AND 1, L_00000000018c39a0, L_00000000018b3700, C4<1>, C4<1>;
L_00000000018c3a10 .functor AND 1, v000000000177da90_0, L_00000000018b26c0, C4<1>, C4<1>;
L_00000000018c3f50 .functor AND 1, L_00000000018c3a10, L_00000000018b2300, C4<1>, C4<1>;
L_00000000018c3380 .functor OR 1, L_00000000018c32a0, L_00000000018c3f50, C4<0>, C4<0>;
v000000000177e7b0_0 .net "EX_MemRead", 0 0, v000000000177da90_0;  alias, 1 drivers
v000000000177ddb0_0 .net "EX_rd", 4 0, v000000000177fa70_0;  alias, 1 drivers
v000000000177f250_0 .net "ID_rs1", 4 0, L_0000000001831bf0;  alias, 1 drivers
v000000000177eb70_0 .net "ID_rs2", 4 0, L_0000000001832050;  alias, 1 drivers
v000000000177e850_0 .net "PipelineStall", 0 0, L_00000000018c3380;  alias, 1 drivers
L_0000000001849598 .functor BUFT 1, C4<00000>, C4<0>, C4<0>, C4<0>;
v000000000177f2f0_0 .net/2u *"_s0", 4 0, L_0000000001849598;  1 drivers
L_00000000018495e0 .functor BUFT 1, C4<00000>, C4<0>, C4<0>, C4<0>;
v000000000177edf0_0 .net/2u *"_s10", 4 0, L_00000000018495e0;  1 drivers
v000000000177f890_0 .net *"_s12", 0 0, L_00000000018b26c0;  1 drivers
v000000000177e0d0_0 .net *"_s14", 0 0, L_00000000018c3a10;  1 drivers
v000000000177e5d0_0 .net *"_s16", 0 0, L_00000000018b2300;  1 drivers
v000000000177e8f0_0 .net *"_s2", 0 0, L_00000000018b29e0;  1 drivers
v000000000177e710_0 .net *"_s4", 0 0, L_00000000018c39a0;  1 drivers
v000000000177e350_0 .net *"_s6", 0 0, L_00000000018b3700;  1 drivers
v000000000177d9f0_0 .net "hazard_on_rs1", 0 0, L_00000000018c32a0;  1 drivers
v000000000177e170_0 .net "hazard_on_rs2", 0 0, L_00000000018c3f50;  1 drivers
L_00000000018b29e0 .cmp/ne 5, v000000000177fa70_0, L_0000000001849598;
L_00000000018b3700 .cmp/eq 5, v000000000177fa70_0, L_0000000001831bf0;
L_00000000018b26c0 .cmp/ne 5, v000000000177fa70_0, L_00000000018495e0;
L_00000000018b2300 .cmp/eq 5, v000000000177fa70_0, L_0000000001832050;
S_00000000017f27e0 .scope module, "U_ID_EX_REG" "ID_EX_Register" 7 184, 12 4 0, S_0000000001261a50;
 .timescale 0 0;
    .port_info 0 /INPUT 1 "clk";
    .port_info 1 /INPUT 1 "reset";
    .port_info 2 /INPUT 32 "i_PC_plus_4";
    .port_info 3 /INPUT 32 "i_RD1";
    .port_info 4 /INPUT 32 "i_RD2";
    .port_info 5 /INPUT 32 "i_Imm";
    .port_info 6 /INPUT 5 "i_rd";
    .port_info 7 /INPUT 1 "i_RegWrite";
    .port_info 8 /INPUT 1 "i_MemWrite";
    .port_info 9 /INPUT 1 "i_MemRead";
    .port_info 10 /INPUT 2 "i_WDSel";
    .port_info 11 /INPUT 1 "i_ALUSrc";
    .port_info 12 /INPUT 5 "i_ALUOp";
    .port_info 13 /INPUT 3 "i_NPCOp";
    .port_info 14 /INPUT 32 "i_PC";
    .port_info 15 /INPUT 3 "i_DMType";
    .port_info 16 /INPUT 1 "i_valid";
    .port_info 17 /INPUT 1 "flush";
    .port_info 18 /OUTPUT 1 "o_valid";
    .port_info 19 /OUTPUT 32 "o_PC_plus_4";
    .port_info 20 /OUTPUT 32 "o_RD1";
    .port_info 21 /OUTPUT 32 "o_RD2";
    .port_info 22 /OUTPUT 32 "o_Imm";
    .port_info 23 /OUTPUT 5 "o_rd";
    .port_info 24 /OUTPUT 1 "o_RegWrite";
    .port_info 25 /OUTPUT 1 "o_MemWrite";
    .port_info 26 /OUTPUT 1 "o_MemRead";
    .port_info 27 /OUTPUT 2 "o_WDSel";
    .port_info 28 /OUTPUT 1 "o_ALUSrc";
    .port_info 29 /OUTPUT 5 "o_ALUOp";
    .port_info 30 /OUTPUT 3 "o_NPCOp";
    .port_info 31 /OUTPUT 32 "o_PC";
    .port_info 32 /OUTPUT 3 "o_DMType";
v0000000001735e00_0 .net "clk", 0 0, v000000000183f7f0_0;  alias, 1 drivers
v0000000001735540_0 .net "flush", 0 0, L_00000000018b2f80;  alias, 1 drivers
v0000000001736440_0 .net "i_ALUOp", 4 0, L_00000000018aede0;  alias, 1 drivers
v0000000001735b80_0 .net "i_ALUSrc", 0 0, L_00000000018c0e20;  alias, 1 drivers
v0000000001735f40_0 .net "i_DMType", 2 0, L_00000000018b1ae0;  alias, 1 drivers
v0000000001735720_0 .net "i_Imm", 31 0, v000000000177c2d0_0;  alias, 1 drivers
v0000000001734a00_0 .net "i_MemRead", 0 0, L_00000000018c0bf0;  alias, 1 drivers
v00000000017350e0_0 .net "i_MemWrite", 0 0, L_00000000018c0790;  alias, 1 drivers
v00000000017363a0_0 .net "i_NPCOp", 2 0, L_00000000018aed40;  alias, 1 drivers
v0000000001734aa0_0 .net "i_PC", 31 0, v0000000001736e40_0;  alias, 1 drivers
v00000000017364e0_0 .net "i_PC_plus_4", 31 0, v0000000001736b20_0;  alias, 1 drivers
v0000000001735ae0_0 .net "i_RD1", 31 0, L_00000000018b35c0;  alias, 1 drivers
v00000000017369e0_0 .net "i_RD2", 31 0, L_00000000018b3480;  alias, 1 drivers
v00000000017359a0_0 .net "i_RegWrite", 0 0, L_00000000018c06b0;  alias, 1 drivers
v0000000001736080_0 .net "i_WDSel", 1 0, L_00000000018aeca0;  alias, 1 drivers
v00000000017355e0_0 .net "i_rd", 4 0, L_00000000018307f0;  alias, 1 drivers
v0000000001735360_0 .net "i_valid", 0 0, L_0000000001831e70;  alias, 1 drivers
v0000000001737020_0 .net "o_ALUOp", 4 0, v000000000177df90_0;  alias, 1 drivers
v0000000001736760_0 .net "o_ALUSrc", 0 0, v000000000177f750_0;  alias, 1 drivers
v00000000017361c0_0 .net "o_DMType", 2 0, v000000000177e490_0;  alias, 1 drivers
v0000000001735c20_0 .net "o_Imm", 31 0, v000000000177d130_0;  alias, 1 drivers
v0000000001735900_0 .net "o_MemRead", 0 0, v000000000177da90_0;  alias, 1 drivers
v0000000001735a40_0 .net "o_MemWrite", 0 0, v000000000177f430_0;  alias, 1 drivers
v00000000017357c0_0 .net "o_NPCOp", 2 0, v000000000177d450_0;  alias, 1 drivers
v0000000001735860_0 .net "o_PC", 31 0, v000000000177e530_0;  alias, 1 drivers
v0000000001735d60_0 .net "o_PC_plus_4", 31 0, v000000000177d8b0_0;  alias, 1 drivers
v0000000001736300_0 .net "o_RD1", 31 0, v000000000177fcf0_0;  alias, 1 drivers
v0000000001734f00_0 .net "o_RD2", 31 0, v000000000177fbb0_0;  alias, 1 drivers
v0000000001734be0_0 .net "o_RegWrite", 0 0, v000000000172fe60_0;  alias, 1 drivers
v0000000001735220_0 .net "o_WDSel", 1 0, v0000000001736940_0;  alias, 1 drivers
v0000000001735cc0_0 .net "o_rd", 4 0, v000000000177fa70_0;  alias, 1 drivers
v0000000001734c80_0 .net "o_valid", 0 0, v0000000001736580_0;  alias, 1 drivers
v0000000001734b40_0 .net "reset", 0 0, L_0000000001776ee0;  alias, 1 drivers
v0000000001736580_0 .var "valid_reg", 0 0;
S_00000000017f2970 .scope module, "DMType_reg" "pipeline_reg" 12 64, 10 2 0, S_00000000017f27e0;
 .timescale 0 0;
    .port_info 0 /INPUT 1 "clk";
    .port_info 1 /INPUT 1 "reset";
    .port_info 2 /INPUT 3 "d";
    .port_info 3 /OUTPUT 3 "q";
P_000000000175c070 .param/l "WIDTH" 0 10 3, +C4<00000000000000000000000000000011>;
v000000000177f6b0_0 .net "clk", 0 0, v000000000183f7f0_0;  alias, 1 drivers
v000000000177de50_0 .net "d", 2 0, L_00000000018b1ae0;  alias, 1 drivers
v000000000177e490_0 .var "q", 2 0;
v000000000177d4f0_0 .net "reset", 0 0, L_0000000001776ee0;  alias, 1 drivers
S_00000000017f2010 .scope module, "aluop_reg" "pipeline_reg" 12 72, 10 2 0, S_00000000017f27e0;
 .timescale 0 0;
    .port_info 0 /INPUT 1 "clk";
    .port_info 1 /INPUT 1 "reset";
    .port_info 2 /INPUT 5 "d";
    .port_info 3 /OUTPUT 5 "q";
P_000000000175c7f0 .param/l "WIDTH" 0 10 3, +C4<00000000000000000000000000000101>;
v000000000177d3b0_0 .net "clk", 0 0, v000000000183f7f0_0;  alias, 1 drivers
v000000000177e030_0 .net "d", 4 0, L_00000000018aede0;  alias, 1 drivers
v000000000177df90_0 .var "q", 4 0;
v000000000177ec10_0 .net "reset", 0 0, L_0000000001776ee0;  alias, 1 drivers
S_00000000017f2c90 .scope module, "alusrc_reg" "pipeline_reg" 12 71, 10 2 0, S_00000000017f27e0;
 .timescale 0 0;
    .port_info 0 /INPUT 1 "clk";
    .port_info 1 /INPUT 1 "reset";
    .port_info 2 /INPUT 1 "d";
    .port_info 3 /OUTPUT 1 "q";
P_000000000175c0b0 .param/l "WIDTH" 0 10 3, +C4<00000000000000000000000000000001>;
v000000000177f610_0 .net "clk", 0 0, v000000000183f7f0_0;  alias, 1 drivers
v000000000177dbd0_0 .net "d", 0 0, L_00000000018c0e20;  alias, 1 drivers
v000000000177f750_0 .var "q", 0 0;
v000000000177e990_0 .net "reset", 0 0, L_0000000001776ee0;  alias, 1 drivers
S_00000000017f1e80 .scope module, "current_pc_reg" "pipeline_reg" 12 74, 10 2 0, S_00000000017f27e0;
 .timescale 0 0;
    .port_info 0 /INPUT 1 "clk";
    .port_info 1 /INPUT 1 "reset";
    .port_info 2 /INPUT 32 "d";
    .port_info 3 /OUTPUT 32 "q";
P_000000000175bfb0 .param/l "WIDTH" 0 10 3, +C4<00000000000000000000000000100000>;
v000000000177e670_0 .net "clk", 0 0, v000000000183f7f0_0;  alias, 1 drivers
v000000000177ea30_0 .net "d", 31 0, v0000000001736e40_0;  alias, 1 drivers
v000000000177e530_0 .var "q", 31 0;
v000000000177e210_0 .net "reset", 0 0, L_0000000001776ee0;  alias, 1 drivers
S_00000000017f21a0 .scope module, "imm_reg" "pipeline_reg" 12 62, 10 2 0, S_00000000017f27e0;
 .timescale 0 0;
    .port_info 0 /INPUT 1 "clk";
    .port_info 1 /INPUT 1 "reset";
    .port_info 2 /INPUT 32 "d";
    .port_info 3 /OUTPUT 32 "q";
P_000000000175c630 .param/l "WIDTH" 0 10 3, +C4<00000000000000000000000000100000>;
v000000000177ead0_0 .net "clk", 0 0, v000000000183f7f0_0;  alias, 1 drivers
v000000000177ecb0_0 .net "d", 31 0, v000000000177c2d0_0;  alias, 1 drivers
v000000000177d130_0 .var "q", 31 0;
v000000000177f390_0 .net "reset", 0 0, L_0000000001776ee0;  alias, 1 drivers
S_00000000017f24c0 .scope module, "memread_reg" "pipeline_reg" 12 69, 10 2 0, S_00000000017f27e0;
 .timescale 0 0;
    .port_info 0 /INPUT 1 "clk";
    .port_info 1 /INPUT 1 "reset";
    .port_info 2 /INPUT 1 "d";
    .port_info 3 /OUTPUT 1 "q";
P_000000000175c3f0 .param/l "WIDTH" 0 10 3, +C4<00000000000000000000000000000001>;
v000000000177ed50_0 .net "clk", 0 0, v000000000183f7f0_0;  alias, 1 drivers
v000000000177ee90_0 .net "d", 0 0, L_00000000018c0bf0;  alias, 1 drivers
v000000000177da90_0 .var "q", 0 0;
v000000000177ef30_0 .net "reset", 0 0, L_0000000001776ee0;  alias, 1 drivers
S_00000000017f2330 .scope module, "memwrite_reg" "pipeline_reg" 12 68, 10 2 0, S_00000000017f27e0;
 .timescale 0 0;
    .port_info 0 /INPUT 1 "clk";
    .port_info 1 /INPUT 1 "reset";
    .port_info 2 /INPUT 1 "d";
    .port_info 3 /OUTPUT 1 "q";
P_000000000175c5f0 .param/l "WIDTH" 0 10 3, +C4<00000000000000000000000000000001>;
v000000000177d6d0_0 .net "clk", 0 0, v000000000183f7f0_0;  alias, 1 drivers
v000000000177f070_0 .net "d", 0 0, L_00000000018c0790;  alias, 1 drivers
v000000000177f430_0 .var "q", 0 0;
v000000000177f4d0_0 .net "reset", 0 0, L_0000000001776ee0;  alias, 1 drivers
S_00000000017f6610 .scope module, "npc_reg" "pipeline_reg" 12 73, 10 2 0, S_00000000017f27e0;
 .timescale 0 0;
    .port_info 0 /INPUT 1 "clk";
    .port_info 1 /INPUT 1 "reset";
    .port_info 2 /INPUT 3 "d";
    .port_info 3 /OUTPUT 3 "q";
P_000000000175c5b0 .param/l "WIDTH" 0 10 3, +C4<00000000000000000000000000000011>;
v000000000177f570_0 .net "clk", 0 0, v000000000183f7f0_0;  alias, 1 drivers
v000000000177d310_0 .net "d", 2 0, L_00000000018aed40;  alias, 1 drivers
v000000000177d450_0 .var "q", 2 0;
v000000000177d590_0 .net "reset", 0 0, L_0000000001776ee0;  alias, 1 drivers
S_00000000017f51c0 .scope module, "pc_reg" "pipeline_reg" 12 59, 10 2 0, S_00000000017f27e0;
 .timescale 0 0;
    .port_info 0 /INPUT 1 "clk";
    .port_info 1 /INPUT 1 "reset";
    .port_info 2 /INPUT 32 "d";
    .port_info 3 /OUTPUT 32 "q";
P_000000000175bf30 .param/l "WIDTH" 0 10 3, +C4<00000000000000000000000000100000>;
v000000000177d630_0 .net "clk", 0 0, v000000000183f7f0_0;  alias, 1 drivers
v000000000177d810_0 .net "d", 31 0, v0000000001736b20_0;  alias, 1 drivers
v000000000177d8b0_0 .var "q", 31 0;
v000000000177d950_0 .net "reset", 0 0, L_0000000001776ee0;  alias, 1 drivers
S_00000000017f6160 .scope module, "rd1_reg" "pipeline_reg" 12 60, 10 2 0, S_00000000017f27e0;
 .timescale 0 0;
    .port_info 0 /INPUT 1 "clk";
    .port_info 1 /INPUT 1 "reset";
    .port_info 2 /INPUT 32 "d";
    .port_info 3 /OUTPUT 32 "q";
P_000000000175c370 .param/l "WIDTH" 0 10 3, +C4<00000000000000000000000000100000>;
v000000000177db30_0 .net "clk", 0 0, v000000000183f7f0_0;  alias, 1 drivers
v000000000177dc70_0 .net "d", 31 0, L_00000000018b35c0;  alias, 1 drivers
v000000000177fcf0_0 .var "q", 31 0;
v000000000177fed0_0 .net "reset", 0 0, L_0000000001776ee0;  alias, 1 drivers
S_00000000017f5e40 .scope module, "rd2_reg" "pipeline_reg" 12 61, 10 2 0, S_00000000017f27e0;
 .timescale 0 0;
    .port_info 0 /INPUT 1 "clk";
    .port_info 1 /INPUT 1 "reset";
    .port_info 2 /INPUT 32 "d";
    .port_info 3 /OUTPUT 32 "q";
P_000000000175bdb0 .param/l "WIDTH" 0 10 3, +C4<00000000000000000000000000100000>;
v0000000001780010_0 .net "clk", 0 0, v000000000183f7f0_0;  alias, 1 drivers
v000000000177fd90_0 .net "d", 31 0, L_00000000018b3480;  alias, 1 drivers
v000000000177fbb0_0 .var "q", 31 0;
v000000000177fc50_0 .net "reset", 0 0, L_0000000001776ee0;  alias, 1 drivers
S_00000000017f6c50 .scope module, "rd_addr_reg" "pipeline_reg" 12 63, 10 2 0, S_00000000017f27e0;
 .timescale 0 0;
    .port_info 0 /INPUT 1 "clk";
    .port_info 1 /INPUT 1 "reset";
    .port_info 2 /INPUT 5 "d";
    .port_info 3 /OUTPUT 5 "q";
P_000000000175c230 .param/l "WIDTH" 0 10 3, +C4<00000000000000000000000000000101>;
v000000000177f930_0 .net "clk", 0 0, v000000000183f7f0_0;  alias, 1 drivers
v000000000177f9d0_0 .net "d", 4 0, L_00000000018307f0;  alias, 1 drivers
v000000000177fa70_0 .var "q", 4 0;
v000000000177fe30_0 .net "reset", 0 0, L_0000000001776ee0;  alias, 1 drivers
S_00000000017f62f0 .scope module, "regwrite_reg" "pipeline_reg" 12 67, 10 2 0, S_00000000017f27e0;
 .timescale 0 0;
    .port_info 0 /INPUT 1 "clk";
    .port_info 1 /INPUT 1 "reset";
    .port_info 2 /INPUT 1 "d";
    .port_info 3 /OUTPUT 1 "q";
P_000000000175c1b0 .param/l "WIDTH" 0 10 3, +C4<00000000000000000000000000000001>;
v000000000177fb10_0 .net "clk", 0 0, v000000000183f7f0_0;  alias, 1 drivers
v000000000177ff70_0 .net "d", 0 0, L_00000000018c06b0;  alias, 1 drivers
v000000000172fe60_0 .var "q", 0 0;
v0000000001731b20_0 .net "reset", 0 0, L_0000000001776ee0;  alias, 1 drivers
S_00000000017f5670 .scope module, "wdsel_reg" "pipeline_reg" 12 70, 10 2 0, S_00000000017f27e0;
 .timescale 0 0;
    .port_info 0 /INPUT 1 "clk";
    .port_info 1 /INPUT 1 "reset";
    .port_info 2 /INPUT 2 "d";
    .port_info 3 /OUTPUT 2 "q";
P_000000000175c030 .param/l "WIDTH" 0 10 3, +C4<00000000000000000000000000000010>;
v0000000001736260_0 .net "clk", 0 0, v000000000183f7f0_0;  alias, 1 drivers
v0000000001734d20_0 .net "d", 1 0, L_00000000018aeca0;  alias, 1 drivers
v0000000001736940_0 .var "q", 1 0;
v00000000017368a0_0 .net "reset", 0 0, L_0000000001776ee0;  alias, 1 drivers
S_00000000017f67a0 .scope module, "U_IF_ID_REG" "IF_ID_Register" 7 93, 13 4 0, S_0000000001261a50;
 .timescale 0 0;
    .port_info 0 /INPUT 1 "clk";
    .port_info 1 /INPUT 1 "reset";
    .port_info 2 /INPUT 32 "i_inst";
    .port_info 3 /INPUT 32 "i_PC_plus_4";
    .port_info 4 /INPUT 32 "i_PC";
    .port_info 5 /INPUT 1 "i_valid";
    .port_info 6 /INPUT 1 "flush";
    .port_info 7 /INPUT 1 "stall";
    .port_info 8 /OUTPUT 32 "o_inst";
    .port_info 9 /OUTPUT 32 "o_PC_plus_4";
    .port_info 10 /OUTPUT 32 "o_PC";
    .port_info 11 /OUTPUT 1 "o_valid";
L_0000000001848428 .functor BUFT 1, C4<1>, C4<0>, C4<0>, C4<0>;
L_0000000001777340 .functor XNOR 1, L_00000000018c3380, L_0000000001848428, C4<0>, C4<0>;
v00000000017352c0_0 .net/2u *"_s0", 0 0, L_0000000001848428;  1 drivers
v00000000017348c0_0 .net *"_s2", 0 0, L_0000000001777340;  1 drivers
L_0000000001848470 .functor BUFT 1, C4<0>, C4<0>, C4<0>, C4<0>;
v0000000001737340_0 .net/2u *"_s4", 0 0, L_0000000001848470;  1 drivers
v00000000017370c0_0 .net "clk", 0 0, v000000000183f7f0_0;  alias, 1 drivers
v00000000017372a0_0 .net "flush", 0 0, L_00000000018b23a0;  alias, 1 drivers
v0000000001737700_0 .net "i_PC", 31 0, v00000000017fa480_0;  alias, 1 drivers
v0000000001737160_0 .net "i_PC_plus_4", 31 0, L_00000000018316f0;  alias, 1 drivers
v00000000017377a0_0 .net "i_inst", 31 0, L_00000000018c4650;  alias, 1 drivers
v00000000017375c0_0 .net "i_valid", 0 0, L_00000000018481a0;  alias, 1 drivers
v0000000001737200_0 .net "next_inst", 31 0, L_00000000018313d0;  1 drivers
v00000000017373e0_0 .net "next_pc", 31 0, L_0000000001831470;  1 drivers
v0000000001737660_0 .net "next_pc_plus_4", 31 0, L_00000000018310b0;  1 drivers
v000000000121c730_0 .net "o_PC", 31 0, v0000000001736e40_0;  alias, 1 drivers
v000000000121ddb0_0 .net "o_PC_plus_4", 31 0, v0000000001736b20_0;  alias, 1 drivers
v000000000121def0_0 .net "o_inst", 31 0, v0000000001734e60_0;  alias, 1 drivers
v000000000121df90_0 .net "o_valid", 0 0, L_0000000001831e70;  alias, 1 drivers
v000000000121e170_0 .net "reset", 0 0, L_0000000001776ee0;  alias, 1 drivers
v000000000121e210_0 .net "stall", 0 0, L_00000000018c3380;  alias, 1 drivers
v000000000121e2b0_0 .var "valid_reg", 0 0;
L_0000000001831e70 .functor MUXZ 1, v000000000121e2b0_0, L_0000000001848470, L_0000000001777340, C4<>;
L_00000000018313d0 .functor MUXZ 32, L_00000000018c4650, v0000000001734e60_0, L_00000000018c3380, C4<>;
L_00000000018310b0 .functor MUXZ 32, L_00000000018316f0, v0000000001736b20_0, L_00000000018c3380, C4<>;
L_0000000001831470 .functor MUXZ 32, v00000000017fa480_0, v0000000001736e40_0, L_00000000018c3380, C4<>;
S_00000000017f5cb0 .scope module, "inst_reg" "pipeline_reg" 13 62, 10 2 0, S_00000000017f67a0;
 .timescale 0 0;
    .port_info 0 /INPUT 1 "clk";
    .port_info 1 /INPUT 1 "reset";
    .port_info 2 /INPUT 32 "d";
    .port_info 3 /OUTPUT 32 "q";
P_000000000175c0f0 .param/l "WIDTH" 0 10 3, +C4<00000000000000000000000000100000>;
v0000000001736800_0 .net "clk", 0 0, v000000000183f7f0_0;  alias, 1 drivers
v0000000001736d00_0 .net "d", 31 0, L_00000000018313d0;  alias, 1 drivers
v0000000001734e60_0 .var "q", 31 0;
v0000000001735680_0 .net "reset", 0 0, L_0000000001776ee0;  alias, 1 drivers
S_00000000017f6930 .scope module, "pc_reg" "pipeline_reg" 13 69, 10 2 0, S_00000000017f67a0;
 .timescale 0 0;
    .port_info 0 /INPUT 1 "clk";
    .port_info 1 /INPUT 1 "reset";
    .port_info 2 /INPUT 32 "d";
    .port_info 3 /OUTPUT 32 "q";
P_000000000175c670 .param/l "WIDTH" 0 10 3, +C4<00000000000000000000000000100000>;
v0000000001736a80_0 .net "clk", 0 0, v000000000183f7f0_0;  alias, 1 drivers
v0000000001734fa0_0 .net "d", 31 0, L_00000000018310b0;  alias, 1 drivers
v0000000001736b20_0 .var "q", 31 0;
v0000000001736620_0 .net "reset", 0 0, L_0000000001776ee0;  alias, 1 drivers
S_00000000017f6480 .scope module, "pc_reg_inst" "pipeline_reg" 13 76, 10 2 0, S_00000000017f67a0;
 .timescale 0 0;
    .port_info 0 /INPUT 1 "clk";
    .port_info 1 /INPUT 1 "reset";
    .port_info 2 /INPUT 32 "d";
    .port_info 3 /OUTPUT 32 "q";
P_000000000175c330 .param/l "WIDTH" 0 10 3, +C4<00000000000000000000000000100000>;
v0000000001736c60_0 .net "clk", 0 0, v000000000183f7f0_0;  alias, 1 drivers
v0000000001735040_0 .net "d", 31 0, L_0000000001831470;  alias, 1 drivers
v0000000001736e40_0 .var "q", 31 0;
v0000000001736ee0_0 .net "reset", 0 0, L_0000000001776ee0;  alias, 1 drivers
S_00000000017f5fd0 .scope module, "U_MEM_WB_REG" "MEM_WB_Register" 7 227, 14 4 0, S_0000000001261a50;
 .timescale 0 0;
    .port_info 0 /INPUT 1 "clk";
    .port_info 1 /INPUT 1 "reset";
    .port_info 2 /INPUT 32 "i_Read_Data";
    .port_info 3 /INPUT 32 "i_ALU_out";
    .port_info 4 /INPUT 5 "i_rd";
    .port_info 5 /INPUT 32 "i_PC_plus_4";
    .port_info 6 /INPUT 1 "i_RegWrite";
    .port_info 7 /INPUT 2 "i_WDSel";
    .port_info 8 /INPUT 1 "i_valid";
    .port_info 9 /INPUT 1 "flush";
    .port_info 10 /OUTPUT 1 "o_valid";
    .port_info 11 /OUTPUT 32 "o_Read_Data";
    .port_info 12 /OUTPUT 32 "o_ALU_out";
    .port_info 13 /OUTPUT 5 "o_rd";
    .port_info 14 /OUTPUT 32 "o_PC_plus_4";
    .port_info 15 /OUTPUT 1 "o_RegWrite";
    .port_info 16 /OUTPUT 2 "o_WDSel";
v00000000017fac00_0 .net "clk", 0 0, v000000000183f7f0_0;  alias, 1 drivers
v00000000017faf20_0 .net "flush", 0 0, L_0000000001848110;  alias, 1 drivers
v00000000017fa2a0_0 .net "i_ALU_out", 31 0, v000000000177b830_0;  alias, 1 drivers
v00000000017fa700_0 .net "i_PC_plus_4", 31 0, v000000000177ce10_0;  alias, 1 drivers
v00000000017fa160_0 .net "i_Read_Data", 31 0, v000000000177aa70_0;  alias, 1 drivers
v00000000017fb100_0 .net "i_RegWrite", 0 0, v000000000177c690_0;  alias, 1 drivers
v00000000017fb560_0 .net "i_WDSel", 1 0, v000000000177cd70_0;  alias, 1 drivers
v00000000017fa200_0 .net "i_rd", 4 0, v000000000177caf0_0;  alias, 1 drivers
v00000000017fb600_0 .net "i_valid", 0 0, v000000000177d770_0;  alias, 1 drivers
v00000000017fa8e0_0 .net "o_ALU_out", 31 0, v000000000121c9b0_0;  alias, 1 drivers
v00000000017fa3e0_0 .net "o_PC_plus_4", 31 0, v00000000017fa980_0;  alias, 1 drivers
v00000000017fbd80_0 .net "o_Read_Data", 31 0, v00000000017fa340_0;  alias, 1 drivers
v00000000017f9760_0 .net "o_RegWrite", 0 0, v00000000017faa20_0;  alias, 1 drivers
v00000000017f9ee0_0 .net "o_WDSel", 1 0, v00000000017fbba0_0;  alias, 1 drivers
v00000000017f9bc0_0 .net "o_rd", 4 0, v00000000017fb380_0;  alias, 1 drivers
v00000000017f96c0_0 .net "o_valid", 0 0, v00000000017faca0_0;  alias, 1 drivers
v00000000017f9f80_0 .net "reset", 0 0, L_0000000001776ee0;  alias, 1 drivers
v00000000017faca0_0 .var "valid_reg", 0 0;
S_00000000017f54e0 .scope module, "alu_out_reg" "pipeline_reg" 14 45, 10 2 0, S_00000000017f5fd0;
 .timescale 0 0;
    .port_info 0 /INPUT 1 "clk";
    .port_info 1 /INPUT 1 "reset";
    .port_info 2 /INPUT 32 "d";
    .port_info 3 /OUTPUT 32 "q";
P_000000000175c170 .param/l "WIDTH" 0 10 3, +C4<00000000000000000000000000100000>;
v000000000121e350_0 .net "clk", 0 0, v000000000183f7f0_0;  alias, 1 drivers
v000000000121c910_0 .net "d", 31 0, v000000000177b830_0;  alias, 1 drivers
v000000000121c9b0_0 .var "q", 31 0;
v00000000017fb880_0 .net "reset", 0 0, L_0000000001776ee0;  alias, 1 drivers
S_00000000017f4ea0 .scope module, "pc_reg" "pipeline_reg" 14 47, 10 2 0, S_00000000017f5fd0;
 .timescale 0 0;
    .port_info 0 /INPUT 1 "clk";
    .port_info 1 /INPUT 1 "reset";
    .port_info 2 /INPUT 32 "d";
    .port_info 3 /OUTPUT 32 "q";
P_000000000175c130 .param/l "WIDTH" 0 10 3, +C4<00000000000000000000000000100000>;
v00000000017fb060_0 .net "clk", 0 0, v000000000183f7f0_0;  alias, 1 drivers
v00000000017fb9c0_0 .net "d", 31 0, v000000000177ce10_0;  alias, 1 drivers
v00000000017fa980_0 .var "q", 31 0;
v00000000017fa840_0 .net "reset", 0 0, L_0000000001776ee0;  alias, 1 drivers
S_00000000017f5350 .scope module, "rd_addr_reg" "pipeline_reg" 14 46, 10 2 0, S_00000000017f5fd0;
 .timescale 0 0;
    .port_info 0 /INPUT 1 "clk";
    .port_info 1 /INPUT 1 "reset";
    .port_info 2 /INPUT 5 "d";
    .port_info 3 /OUTPUT 5 "q";
P_000000000175b9f0 .param/l "WIDTH" 0 10 3, +C4<00000000000000000000000000000101>;
v00000000017f9940_0 .net "clk", 0 0, v000000000183f7f0_0;  alias, 1 drivers
v00000000017fb6a0_0 .net "d", 4 0, v000000000177caf0_0;  alias, 1 drivers
v00000000017fb380_0 .var "q", 4 0;
v00000000017fb7e0_0 .net "reset", 0 0, L_0000000001776ee0;  alias, 1 drivers
S_00000000017f6ac0 .scope module, "read_data_reg" "pipeline_reg" 14 44, 10 2 0, S_00000000017f5fd0;
 .timescale 0 0;
    .port_info 0 /INPUT 1 "clk";
    .port_info 1 /INPUT 1 "reset";
    .port_info 2 /INPUT 32 "d";
    .port_info 3 /OUTPUT 32 "q";
P_000000000175be70 .param/l "WIDTH" 0 10 3, +C4<00000000000000000000000000100000>;
v00000000017f99e0_0 .net "clk", 0 0, v000000000183f7f0_0;  alias, 1 drivers
v00000000017fb1a0_0 .net "d", 31 0, v000000000177aa70_0;  alias, 1 drivers
v00000000017fa340_0 .var "q", 31 0;
v00000000017fad40_0 .net "reset", 0 0, L_0000000001776ee0;  alias, 1 drivers
S_00000000017f5030 .scope module, "regwrite_reg" "pipeline_reg" 14 50, 10 2 0, S_00000000017f5fd0;
 .timescale 0 0;
    .port_info 0 /INPUT 1 "clk";
    .port_info 1 /INPUT 1 "reset";
    .port_info 2 /INPUT 1 "d";
    .port_info 3 /OUTPUT 1 "q";
P_000000000175c1f0 .param/l "WIDTH" 0 10 3, +C4<00000000000000000000000000000001>;
v00000000017f9a80_0 .net "clk", 0 0, v000000000183f7f0_0;  alias, 1 drivers
v00000000017f9e40_0 .net "d", 0 0, v000000000177c690_0;  alias, 1 drivers
v00000000017faa20_0 .var "q", 0 0;
v00000000017f9b20_0 .net "reset", 0 0, L_0000000001776ee0;  alias, 1 drivers
S_00000000017f5800 .scope module, "wdsel_reg" "pipeline_reg" 14 51, 10 2 0, S_00000000017f5fd0;
 .timescale 0 0;
    .port_info 0 /INPUT 1 "clk";
    .port_info 1 /INPUT 1 "reset";
    .port_info 2 /INPUT 2 "d";
    .port_info 3 /OUTPUT 2 "q";
P_000000000175c970 .param/l "WIDTH" 0 10 3, +C4<00000000000000000000000000000010>;
v00000000017faac0_0 .net "clk", 0 0, v000000000183f7f0_0;  alias, 1 drivers
v00000000017f9d00_0 .net "d", 1 0, v000000000177cd70_0;  alias, 1 drivers
v00000000017fbba0_0 .var "q", 1 0;
v00000000017fab60_0 .net "reset", 0 0, L_0000000001776ee0;  alias, 1 drivers
S_00000000017f5990 .scope module, "U_PC" "PC" 7 71, 15 1 0, S_0000000001261a50;
 .timescale 0 0;
    .port_info 0 /INPUT 1 "clk";
    .port_info 1 /INPUT 1 "rst";
    .port_info 2 /INPUT 32 "NPC";
    .port_info 3 /OUTPUT 32 "PC";
v00000000017fa020_0 .net "NPC", 31 0, L_00000000018309d0;  alias, 1 drivers
v00000000017fa480_0 .var "PC", 31 0;
v00000000017f9c60_0 .net "clk", 0 0, v000000000183f7f0_0;  alias, 1 drivers
v00000000017f9800_0 .net "rst", 0 0, L_0000000001776ee0;  alias, 1 drivers
S_00000000017f5b20 .scope module, "U_RF" "RF" 7 134, 16 2 0, S_0000000001261a50;
 .timescale 0 0;
    .port_info 0 /INPUT 1 "clk";
    .port_info 1 /INPUT 1 "rst";
    .port_info 2 /INPUT 1 "RFWr";
    .port_info 3 /INPUT 5 "A1";
    .port_info 4 /INPUT 5 "A2";
    .port_info 5 /INPUT 5 "A3";
    .port_info 6 /INPUT 32 "WD";
    .port_info 7 /OUTPUT 32 "RD1";
    .port_info 8 /OUTPUT 32 "RD2";
v00000000017fade0_0 .net "A1", 4 0, L_0000000001831bf0;  alias, 1 drivers
v00000000017fa520_0 .net "A2", 4 0, L_0000000001832050;  alias, 1 drivers
v00000000017fa0c0_0 .net "A3", 4 0, v00000000017fb380_0;  alias, 1 drivers
v00000000017fb740_0 .net "RD1", 31 0, L_00000000018afba0;  alias, 1 drivers
v00000000017f98a0_0 .net "RD2", 31 0, L_00000000018b14a0;  alias, 1 drivers
v00000000017fa5c0_0 .net "RFWr", 0 0, L_00000000018afec0;  alias, 1 drivers
v00000000017fae80_0 .net "WD", 31 0, L_00000000018b4240;  alias, 1 drivers
v00000000017fb920_0 .net *"_s0", 31 0, L_00000000018b17c0;  1 drivers
v00000000017fa7a0_0 .net *"_s10", 6 0, L_00000000018afb00;  1 drivers
L_0000000001848aa0 .functor BUFT 1, C4<00>, C4<0>, C4<0>, C4<0>;
v00000000017fba60_0 .net *"_s13", 1 0, L_0000000001848aa0;  1 drivers
L_0000000001848ae8 .functor BUFT 1, C4<00000000000000000000000000000000>, C4<0>, C4<0>, C4<0>;
v00000000017fa660_0 .net/2u *"_s14", 31 0, L_0000000001848ae8;  1 drivers
v00000000017fafc0_0 .net *"_s18", 31 0, L_00000000018b0d20;  1 drivers
L_0000000001848b30 .functor BUFT 1, C4<000000000000000000000000000>, C4<0>, C4<0>, C4<0>;
v00000000017fb240_0 .net *"_s21", 26 0, L_0000000001848b30;  1 drivers
L_0000000001848b78 .functor BUFT 1, C4<00000000000000000000000000000000>, C4<0>, C4<0>, C4<0>;
v00000000017fb2e0_0 .net/2u *"_s22", 31 0, L_0000000001848b78;  1 drivers
v00000000017fbb00_0 .net *"_s24", 0 0, L_00000000018b1680;  1 drivers
v00000000017fb420_0 .net *"_s26", 31 0, L_00000000018b0140;  1 drivers
v00000000017fb4c0_0 .net *"_s28", 6 0, L_00000000018b0780;  1 drivers
L_0000000001848a10 .functor BUFT 1, C4<000000000000000000000000000>, C4<0>, C4<0>, C4<0>;
v00000000017fbc40_0 .net *"_s3", 26 0, L_0000000001848a10;  1 drivers
L_0000000001848bc0 .functor BUFT 1, C4<00>, C4<0>, C4<0>, C4<0>;
v00000000017fbce0_0 .net *"_s31", 1 0, L_0000000001848bc0;  1 drivers
L_0000000001848c08 .functor BUFT 1, C4<00000000000000000000000000000000>, C4<0>, C4<0>, C4<0>;
v00000000017fbe20_0 .net/2u *"_s32", 31 0, L_0000000001848c08;  1 drivers
L_0000000001848a58 .functor BUFT 1, C4<00000000000000000000000000000000>, C4<0>, C4<0>, C4<0>;
v00000000017fc1e0_0 .net/2u *"_s4", 31 0, L_0000000001848a58;  1 drivers
v00000000017fcf00_0 .net *"_s6", 0 0, L_00000000018b1c20;  1 drivers
v00000000017fcc80_0 .net *"_s8", 31 0, L_00000000018afe20;  1 drivers
v00000000017fc000_0 .net "clk", 0 0, v000000000183f7f0_0;  alias, 1 drivers
v00000000017fd860_0 .var/i "i", 31 0;
v00000000017fde00 .array "rf", 0 31, 31 0;
v00000000017fe260_0 .net "rst", 0 0, L_0000000001776ee0;  alias, 1 drivers
L_00000000018b17c0 .concat [ 5 27 0 0], L_0000000001831bf0, L_0000000001848a10;
L_00000000018b1c20 .cmp/ne 32, L_00000000018b17c0, L_0000000001848a58;
L_00000000018afe20 .array/port v00000000017fde00, L_00000000018afb00;
L_00000000018afb00 .concat [ 5 2 0 0], L_0000000001831bf0, L_0000000001848aa0;
L_00000000018afba0 .functor MUXZ 32, L_0000000001848ae8, L_00000000018afe20, L_00000000018b1c20, C4<>;
L_00000000018b0d20 .concat [ 5 27 0 0], L_0000000001832050, L_0000000001848b30;
L_00000000018b1680 .cmp/ne 32, L_00000000018b0d20, L_0000000001848b78;
L_00000000018b0140 .array/port v00000000017fde00, L_00000000018b0780;
L_00000000018b0780 .concat [ 5 2 0 0], L_0000000001832050, L_0000000001848bc0;
L_00000000018b14a0 .functor MUXZ 32, L_0000000001848c08, L_00000000018b0140, L_00000000018b1680, C4<>;
S_0000000001808af0 .scope module, "U_alu" "alu" 7 200, 17 3 0, S_0000000001261a50;
 .timescale 0 0;
    .port_info 0 /INPUT 32 "A";
    .port_info 1 /INPUT 32 "B";
    .port_info 2 /INPUT 5 "ALUOp";
    .port_info 3 /OUTPUT 32 "C";
    .port_info 4 /OUTPUT 1 "Zero";
    .port_info 5 /INPUT 32 "PC";
v00000000017fc6e0_0 .net/s "A", 31 0, v000000000177fcf0_0;  alias, 1 drivers
v00000000017fd5e0_0 .net "ALUOp", 4 0, v000000000177df90_0;  alias, 1 drivers
v00000000017fdea0_0 .net/s "B", 31 0, L_00000000018b41a0;  alias, 1 drivers
v00000000017fc0a0_0 .var "C", 31 0;
v00000000017fdcc0_0 .net "PC", 31 0, v000000000177e530_0;  alias, 1 drivers
v00000000017fc140_0 .net "Zero", 0 0, L_00000000018b3160;  alias, 1 drivers
L_0000000001849790 .functor BUFT 1, C4<00000000000000000000000000000000>, C4<0>, C4<0>, C4<0>;
v00000000017fd9a0_0 .net/2u *"_s0", 31 0, L_0000000001849790;  1 drivers
E_000000000175c6b0 .event edge, v000000000177df90_0, v000000000177fcf0_0, v00000000017fdea0_0, v000000000177e530_0;
L_00000000018b3160 .cmp/eq 32, v00000000017fc0a0_0, L_0000000001849790;
S_0000000001807510 .scope module, "U_comparator" "comparator" 7 143, 18 2 0, S_0000000001261a50;
 .timescale 0 0;
    .port_info 0 /INPUT 7 "Op";
    .port_info 1 /INPUT 3 "Funct3";
    .port_info 2 /INPUT 32 "RD1";
    .port_info 3 /INPUT 32 "RD2";
    .port_info 4 /OUTPUT 1 "Zero";
L_00000000018beab0 .functor AND 1, L_00000000018b15e0, L_00000000018b0a00, C4<1>, C4<1>;
L_00000000018bda10 .functor NOT 1, L_00000000018afd80, C4<0>, C4<0>, C4<0>;
L_00000000018bd070 .functor AND 1, L_00000000018beab0, L_00000000018bda10, C4<1>, C4<1>;
L_00000000018be180 .functor NOT 1, L_00000000018b0c80, C4<0>, C4<0>, C4<0>;
L_00000000018be1f0 .functor AND 1, L_00000000018bd070, L_00000000018be180, C4<1>, C4<1>;
L_00000000018be500 .functor NOT 1, L_00000000018b1720, C4<0>, C4<0>, C4<0>;
L_00000000018be5e0 .functor AND 1, L_00000000018be1f0, L_00000000018be500, C4<1>, C4<1>;
L_00000000018be730 .functor AND 1, L_00000000018be5e0, L_00000000018aff60, C4<1>, C4<1>;
L_00000000018be810 .functor AND 1, L_00000000018be730, L_00000000018b0aa0, C4<1>, C4<1>;
L_00000000018beb20 .functor AND 1, L_00000000018be810, L_00000000018b0460, C4<1>, C4<1>;
L_00000000018beb90 .functor AND 1, L_00000000018be810, L_00000000018b05a0, C4<1>, C4<1>;
L_00000000018bd0e0 .functor AND 1, L_00000000018be810, L_00000000018b0500, C4<1>, C4<1>;
L_00000000018c3d90 .functor AND 1, L_00000000018be810, L_00000000018b0000, C4<1>, C4<1>;
L_00000000018c3310 .functor AND 1, L_00000000018be810, L_00000000018b0820, C4<1>, C4<1>;
L_00000000018c3700 .functor AND 1, L_00000000018be810, L_00000000018b10e0, C4<1>, C4<1>;
L_00000000018c3230 .functor AND 1, L_00000000018beb20, L_00000000018b00a0, C4<1>, C4<1>;
L_00000000018c3620 .functor AND 1, L_00000000018beb90, L_00000000018b01e0, C4<1>, C4<1>;
L_00000000018c4260 .functor OR 1, L_00000000018c3230, L_00000000018c3620, C4<0>, C4<0>;
L_00000000018c3a80 .functor AND 1, L_00000000018bd0e0, L_00000000018b0280, C4<1>, C4<1>;
L_00000000018c3850 .functor OR 1, L_00000000018c4260, L_00000000018c3a80, C4<0>, C4<0>;
L_00000000018c3cb0 .functor AND 1, L_00000000018c3d90, L_00000000018b1540, C4<1>, C4<1>;
L_00000000018c2eb0 .functor OR 1, L_00000000018c3850, L_00000000018c3cb0, C4<0>, C4<0>;
L_00000000018c3e70 .functor AND 1, L_00000000018c3700, L_00000000018b0640, C4<1>, C4<1>;
L_00000000018c34d0 .functor OR 1, L_00000000018c2eb0, L_00000000018c3e70, C4<0>, C4<0>;
L_00000000018c3690 .functor AND 1, L_00000000018c3310, L_00000000018b1ea0, C4<1>, C4<1>;
L_00000000018c4810 .functor OR 1, L_00000000018c34d0, L_00000000018c3690, C4<0>, C4<0>;
v00000000017fdc20_0 .net "Funct3", 2 0, L_00000000018b03c0;  1 drivers
v00000000017fc3c0_0 .net "Op", 6 0, L_00000000018b1860;  1 drivers
v00000000017fcd20_0 .net/s "RD1", 31 0, L_00000000018b35c0;  alias, 1 drivers
v00000000017fce60_0 .net/s "RD2", 31 0, L_00000000018b3480;  alias, 1 drivers
v00000000017fd180_0 .net "Zero", 0 0, L_00000000018c4810;  alias, 1 drivers
v00000000017fd040_0 .net *"_s1", 0 0, L_00000000018b15e0;  1 drivers
v00000000017fd220_0 .net *"_s10", 0 0, L_00000000018bd070;  1 drivers
v00000000017fcfa0_0 .net *"_s13", 0 0, L_00000000018b0c80;  1 drivers
v00000000017fe620_0 .net *"_s14", 0 0, L_00000000018be180;  1 drivers
v00000000017fd720_0 .net *"_s16", 0 0, L_00000000018be1f0;  1 drivers
v00000000017fc280_0 .net *"_s19", 0 0, L_00000000018b1720;  1 drivers
v00000000017fd400_0 .net *"_s20", 0 0, L_00000000018be500;  1 drivers
v00000000017fd0e0_0 .net *"_s22", 0 0, L_00000000018be5e0;  1 drivers
v00000000017fc320_0 .net *"_s25", 0 0, L_00000000018aff60;  1 drivers
v00000000017fd900_0 .net *"_s26", 0 0, L_00000000018be730;  1 drivers
v00000000017fdf40_0 .net *"_s29", 0 0, L_00000000018b0aa0;  1 drivers
v00000000017fdfe0_0 .net *"_s3", 0 0, L_00000000018b0a00;  1 drivers
L_0000000001848c50 .functor BUFT 1, C4<000>, C4<0>, C4<0>, C4<0>;
v00000000017fe4e0_0 .net/2u *"_s32", 2 0, L_0000000001848c50;  1 drivers
v00000000017fcdc0_0 .net *"_s34", 0 0, L_00000000018b0460;  1 drivers
L_0000000001848c98 .functor BUFT 1, C4<001>, C4<0>, C4<0>, C4<0>;
v00000000017fbec0_0 .net/2u *"_s38", 2 0, L_0000000001848c98;  1 drivers
v00000000017fbf60_0 .net *"_s4", 0 0, L_00000000018beab0;  1 drivers
v00000000017fd2c0_0 .net *"_s40", 0 0, L_00000000018b05a0;  1 drivers
L_0000000001848ce0 .functor BUFT 1, C4<100>, C4<0>, C4<0>, C4<0>;
v00000000017fe080_0 .net/2u *"_s44", 2 0, L_0000000001848ce0;  1 drivers
v00000000017fd360_0 .net *"_s46", 0 0, L_00000000018b0500;  1 drivers
L_0000000001848d28 .functor BUFT 1, C4<110>, C4<0>, C4<0>, C4<0>;
v00000000017fc460_0 .net/2u *"_s50", 2 0, L_0000000001848d28;  1 drivers
v00000000017fc500_0 .net *"_s52", 0 0, L_00000000018b0000;  1 drivers
L_0000000001848d70 .functor BUFT 1, C4<111>, C4<0>, C4<0>, C4<0>;
v00000000017fd4a0_0 .net/2u *"_s56", 2 0, L_0000000001848d70;  1 drivers
v00000000017fe120_0 .net *"_s58", 0 0, L_00000000018b0820;  1 drivers
L_0000000001848db8 .functor BUFT 1, C4<101>, C4<0>, C4<0>, C4<0>;
v00000000017fe300_0 .net/2u *"_s62", 2 0, L_0000000001848db8;  1 drivers
v00000000017fd540_0 .net *"_s64", 0 0, L_00000000018b10e0;  1 drivers
v00000000017fd7c0_0 .net *"_s68", 0 0, L_00000000018b00a0;  1 drivers
v00000000017fe1c0_0 .net *"_s7", 0 0, L_00000000018afd80;  1 drivers
v00000000017fe3a0_0 .net *"_s70", 0 0, L_00000000018c3230;  1 drivers
v00000000017fc5a0_0 .net *"_s72", 0 0, L_00000000018b01e0;  1 drivers
v00000000017fc640_0 .net *"_s74", 0 0, L_00000000018c3620;  1 drivers
v00000000017fc780_0 .net *"_s76", 0 0, L_00000000018c4260;  1 drivers
v00000000017fc820_0 .net *"_s78", 0 0, L_00000000018b0280;  1 drivers
v00000000017fcbe0_0 .net *"_s8", 0 0, L_00000000018bda10;  1 drivers
v00000000017fe440_0 .net *"_s80", 0 0, L_00000000018c3a80;  1 drivers
v00000000017fe580_0 .net *"_s82", 0 0, L_00000000018c3850;  1 drivers
v00000000017fd680_0 .net *"_s84", 0 0, L_00000000018b1540;  1 drivers
v00000000017fc8c0_0 .net *"_s86", 0 0, L_00000000018c3cb0;  1 drivers
v00000000017fdd60_0 .net *"_s88", 0 0, L_00000000018c2eb0;  1 drivers
v00000000017fc960_0 .net *"_s90", 0 0, L_00000000018b0640;  1 drivers
v00000000017fca00_0 .net *"_s92", 0 0, L_00000000018c3e70;  1 drivers
v00000000017fcaa0_0 .net *"_s94", 0 0, L_00000000018c34d0;  1 drivers
v00000000017fcb40_0 .net *"_s96", 0 0, L_00000000018b1ea0;  1 drivers
v00000000017fda40_0 .net *"_s98", 0 0, L_00000000018c3690;  1 drivers
v00000000017fdae0_0 .net "i_beq", 0 0, L_00000000018beb20;  1 drivers
v00000000017fdb80_0 .net "i_bge", 0 0, L_00000000018c3700;  1 drivers
v00000000017febc0_0 .net "i_bgeu", 0 0, L_00000000018c3310;  1 drivers
v00000000017fec60_0 .net "i_blt", 0 0, L_00000000018bd0e0;  1 drivers
v00000000017fea80_0 .net "i_bltu", 0 0, L_00000000018c3d90;  1 drivers
v00000000017fe760_0 .net "i_bne", 0 0, L_00000000018beb90;  1 drivers
v00000000017fe800_0 .net "sbtype", 0 0, L_00000000018be810;  1 drivers
L_00000000018b15e0 .part L_00000000018b1860, 6, 1;
L_00000000018b0a00 .part L_00000000018b1860, 5, 1;
L_00000000018afd80 .part L_00000000018b1860, 4, 1;
L_00000000018b0c80 .part L_00000000018b1860, 3, 1;
L_00000000018b1720 .part L_00000000018b1860, 2, 1;
L_00000000018aff60 .part L_00000000018b1860, 1, 1;
L_00000000018b0aa0 .part L_00000000018b1860, 0, 1;
L_00000000018b0460 .cmp/eq 3, L_00000000018b03c0, L_0000000001848c50;
L_00000000018b05a0 .cmp/eq 3, L_00000000018b03c0, L_0000000001848c98;
L_00000000018b0500 .cmp/eq 3, L_00000000018b03c0, L_0000000001848ce0;
L_00000000018b0000 .cmp/eq 3, L_00000000018b03c0, L_0000000001848d28;
L_00000000018b0820 .cmp/eq 3, L_00000000018b03c0, L_0000000001848d70;
L_00000000018b10e0 .cmp/eq 3, L_00000000018b03c0, L_0000000001848db8;
L_00000000018b00a0 .cmp/eq 32, L_00000000018b35c0, L_00000000018b3480;
L_00000000018b01e0 .cmp/ne 32, L_00000000018b35c0, L_00000000018b3480;
L_00000000018b0280 .cmp/gt.s 32, L_00000000018b3480, L_00000000018b35c0;
L_00000000018b1540 .cmp/gt 32, L_00000000018b3480, L_00000000018b35c0;
L_00000000018b0640 .cmp/ge.s 32, L_00000000018b35c0, L_00000000018b3480;
L_00000000018b1ea0 .cmp/ge 32, L_00000000018b35c0, L_00000000018b3480;
S_0000000001808960 .scope module, "U_ctrl" "ctrl" 7 123, 19 4 0, S_0000000001261a50;
 .timescale 0 0;
    .port_info 0 /INPUT 7 "Op";
    .port_info 1 /INPUT 7 "Funct7";
    .port_info 2 /INPUT 3 "Funct3";
    .port_info 3 /INPUT 1 "Zero";
    .port_info 4 /OUTPUT 1 "RegWrite";
    .port_info 5 /OUTPUT 1 "MemWrite";
    .port_info 6 /OUTPUT 6 "EXTOp";
    .port_info 7 /OUTPUT 5 "ALUOp";
    .port_info 8 /OUTPUT 3 "NPCOp";
    .port_info 9 /OUTPUT 1 "ALUSrc";
    .port_info 10 /OUTPUT 2 "GPRSel";
    .port_info 11 /OUTPUT 2 "WDSel";
    .port_info 12 /OUTPUT 3 "DMType";
    .port_info 13 /OUTPUT 1 "MemRead";
L_0000000001776770 .functor NOT 1, L_0000000001830430, C4<0>, C4<0>, C4<0>;
L_00000000017761c0 .functor AND 1, L_0000000001776770, L_0000000001830b10, C4<1>, C4<1>;
L_00000000017760e0 .functor AND 1, L_00000000017761c0, L_0000000001831510, C4<1>, C4<1>;
L_0000000001777500 .functor NOT 1, L_0000000001831790, C4<0>, C4<0>, C4<0>;
L_0000000001777650 .functor AND 1, L_00000000017760e0, L_0000000001777500, C4<1>, C4<1>;
L_0000000001776310 .functor NOT 1, L_0000000001832190, C4<0>, C4<0>, C4<0>;
L_00000000017767e0 .functor AND 1, L_0000000001777650, L_0000000001776310, C4<1>, C4<1>;
L_0000000001777880 .functor AND 1, L_00000000017767e0, L_0000000001830a70, C4<1>, C4<1>;
L_00000000017772d0 .functor AND 1, L_0000000001777880, L_0000000001830570, C4<1>, C4<1>;
L_0000000001776c40 .functor NOT 1, L_0000000001830c50, C4<0>, C4<0>, C4<0>;
L_0000000001776a10 .functor AND 1, L_00000000017772d0, L_0000000001776c40, C4<1>, C4<1>;
L_00000000017776c0 .functor NOT 1, L_0000000001830d90, C4<0>, C4<0>, C4<0>;
L_0000000001777570 .functor AND 1, L_0000000001776a10, L_00000000017776c0, C4<1>, C4<1>;
L_0000000001776b60 .functor NOT 1, L_0000000001831a10, C4<0>, C4<0>, C4<0>;
L_00000000017773b0 .functor AND 1, L_0000000001777570, L_0000000001776b60, C4<1>, C4<1>;
L_0000000001776620 .functor NOT 1, L_0000000001831830, C4<0>, C4<0>, C4<0>;
L_0000000001776230 .functor AND 1, L_00000000017773b0, L_0000000001776620, C4<1>, C4<1>;
L_00000000017777a0 .functor NOT 1, L_0000000001832230, C4<0>, C4<0>, C4<0>;
L_0000000001776380 .functor AND 1, L_0000000001776230, L_00000000017777a0, C4<1>, C4<1>;
L_0000000001777ab0 .functor NOT 1, L_0000000001830e30, C4<0>, C4<0>, C4<0>;
L_0000000001777420 .functor AND 1, L_0000000001776380, L_0000000001777ab0, C4<1>, C4<1>;
L_0000000001776fc0 .functor NOT 1, L_0000000001832410, C4<0>, C4<0>, C4<0>;
L_0000000001777810 .functor AND 1, L_0000000001777420, L_0000000001776fc0, C4<1>, C4<1>;
L_00000000017778f0 .functor NOT 1, L_00000000018315b0, C4<0>, C4<0>, C4<0>;
L_00000000017763f0 .functor AND 1, L_0000000001777810, L_00000000017778f0, C4<1>, C4<1>;
L_0000000001776540 .functor NOT 1, L_0000000001831650, C4<0>, C4<0>, C4<0>;
L_00000000017770a0 .functor AND 1, L_00000000017763f0, L_0000000001776540, C4<1>, C4<1>;
L_0000000001777490 .functor NOT 1, L_0000000001830110, C4<0>, C4<0>, C4<0>;
L_0000000001777030 .functor AND 1, L_00000000017770a0, L_0000000001777490, C4<1>, C4<1>;
L_0000000001776d20 .functor NOT 1, L_0000000001830ed0, C4<0>, C4<0>, C4<0>;
L_0000000001776150 .functor AND 1, L_00000000017772d0, L_0000000001776d20, C4<1>, C4<1>;
L_00000000017779d0 .functor AND 1, L_0000000001776150, L_00000000018322d0, C4<1>, C4<1>;
L_00000000017769a0 .functor NOT 1, L_00000000018311f0, C4<0>, C4<0>, C4<0>;
L_00000000017762a0 .functor AND 1, L_00000000017779d0, L_00000000017769a0, C4<1>, C4<1>;
L_0000000001777a40 .functor NOT 1, L_00000000018324b0, C4<0>, C4<0>, C4<0>;
L_0000000001776460 .functor AND 1, L_00000000017762a0, L_0000000001777a40, C4<1>, C4<1>;
L_0000000001776a80 .functor NOT 1, L_00000000018318d0, C4<0>, C4<0>, C4<0>;
L_0000000001776700 .functor AND 1, L_0000000001776460, L_0000000001776a80, C4<1>, C4<1>;
L_0000000001777b20 .functor NOT 1, L_0000000001832550, C4<0>, C4<0>, C4<0>;
L_0000000001775f90 .functor AND 1, L_0000000001776700, L_0000000001777b20, C4<1>, C4<1>;
L_0000000001776cb0 .functor NOT 1, L_0000000001832690, C4<0>, C4<0>, C4<0>;
L_0000000001776000 .functor AND 1, L_0000000001775f90, L_0000000001776cb0, C4<1>, C4<1>;
L_00000000017764d0 .functor NOT 1, L_0000000001831ab0, C4<0>, C4<0>, C4<0>;
L_0000000001776850 .functor AND 1, L_0000000001776000, L_00000000017764d0, C4<1>, C4<1>;
L_00000000017768c0 .functor NOT 1, L_0000000001831b50, C4<0>, C4<0>, C4<0>;
L_0000000001776e00 .functor AND 1, L_0000000001776850, L_00000000017768c0, C4<1>, C4<1>;
L_0000000001776930 .functor NOT 1, L_0000000001831c90, C4<0>, C4<0>, C4<0>;
L_0000000001776e70 .functor AND 1, L_0000000001776e00, L_0000000001776930, C4<1>, C4<1>;
L_00000000017771f0 .functor NOT 1, L_00000000018302f0, C4<0>, C4<0>, C4<0>;
L_0000000001777c70 .functor AND 1, L_00000000017772d0, L_00000000017771f0, C4<1>, C4<1>;
L_0000000001777ce0 .functor NOT 1, L_0000000001831d30, C4<0>, C4<0>, C4<0>;
L_0000000001777d50 .functor AND 1, L_0000000001777c70, L_0000000001777ce0, C4<1>, C4<1>;
L_0000000001777dc0 .functor NOT 1, L_0000000001831dd0, C4<0>, C4<0>, C4<0>;
L_0000000001777c00 .functor AND 1, L_0000000001777d50, L_0000000001777dc0, C4<1>, C4<1>;
L_0000000001777b90 .functor NOT 1, L_0000000001831fb0, C4<0>, C4<0>, C4<0>;
L_0000000001777e30 .functor AND 1, L_0000000001777c00, L_0000000001777b90, C4<1>, C4<1>;
L_0000000001777ea0 .functor NOT 1, L_00000000018327d0, C4<0>, C4<0>, C4<0>;
L_0000000001739530 .functor AND 1, L_0000000001777e30, L_0000000001777ea0, C4<1>, C4<1>;
L_00000000017390d0 .functor NOT 1, L_00000000018301b0, C4<0>, C4<0>, C4<0>;
L_0000000001739140 .functor AND 1, L_0000000001739530, L_00000000017390d0, C4<1>, C4<1>;
L_00000000017391b0 .functor NOT 1, L_00000000018348f0, C4<0>, C4<0>, C4<0>;
L_0000000001738810 .functor AND 1, L_0000000001739140, L_00000000017391b0, C4<1>, C4<1>;
L_0000000001737bd0 .functor AND 1, L_0000000001738810, L_0000000001834490, C4<1>, C4<1>;
L_00000000017382d0 .functor AND 1, L_0000000001737bd0, L_0000000001834b70, C4<1>, C4<1>;
L_0000000001738dc0 .functor NOT 1, L_0000000001833130, C4<0>, C4<0>, C4<0>;
L_0000000001737c40 .functor AND 1, L_00000000017382d0, L_0000000001738dc0, C4<1>, C4<1>;
L_00000000017383b0 .functor NOT 1, L_0000000001834df0, C4<0>, C4<0>, C4<0>;
L_0000000001738730 .functor AND 1, L_00000000017772d0, L_00000000017383b0, C4<1>, C4<1>;
L_00000000017381f0 .functor NOT 1, L_0000000001833e50, C4<0>, C4<0>, C4<0>;
L_0000000001739220 .functor AND 1, L_0000000001738730, L_00000000017381f0, C4<1>, C4<1>;
L_00000000017388f0 .functor NOT 1, L_00000000018347b0, C4<0>, C4<0>, C4<0>;
L_00000000017380a0 .functor AND 1, L_0000000001739220, L_00000000017388f0, C4<1>, C4<1>;
L_0000000001738ab0 .functor NOT 1, L_0000000001832e10, C4<0>, C4<0>, C4<0>;
L_0000000001737930 .functor AND 1, L_00000000017380a0, L_0000000001738ab0, C4<1>, C4<1>;
L_0000000001738b20 .functor NOT 1, L_0000000001833bd0, C4<0>, C4<0>, C4<0>;
L_00000000012aa7f0 .functor AND 1, L_0000000001737930, L_0000000001738b20, C4<1>, C4<1>;
L_00000000012aac50 .functor NOT 1, L_00000000018343f0, C4<0>, C4<0>, C4<0>;
L_00000000012aa160 .functor AND 1, L_00000000012aa7f0, L_00000000012aac50, C4<1>, C4<1>;
L_00000000012aa010 .functor NOT 1, L_0000000001833ef0, C4<0>, C4<0>, C4<0>;
L_00000000012aa470 .functor AND 1, L_00000000012aa160, L_00000000012aa010, C4<1>, C4<1>;
L_00000000012aa4e0 .functor AND 1, L_00000000012aa470, L_0000000001834850, C4<1>, C4<1>;
L_000000000126eff0 .functor AND 1, L_00000000012aa4e0, L_0000000001834530, C4<1>, C4<1>;
L_000000000181d570 .functor AND 1, L_000000000126eff0, L_0000000001832eb0, C4<1>, C4<1>;
L_000000000181d5e0 .functor NOT 1, L_0000000001833270, C4<0>, C4<0>, C4<0>;
L_000000000181ce00 .functor NOT 1, L_0000000001834fd0, C4<0>, C4<0>, C4<0>;
L_000000000181c770 .functor AND 1, L_000000000181d5e0, L_000000000181ce00, C4<1>, C4<1>;
L_000000000181cee0 .functor NOT 1, L_0000000001833c70, C4<0>, C4<0>, C4<0>;
L_000000000181c930 .functor AND 1, L_000000000181c770, L_000000000181cee0, C4<1>, C4<1>;
L_000000000181d1f0 .functor NOT 1, L_00000000018331d0, C4<0>, C4<0>, C4<0>;
L_000000000181c000 .functor AND 1, L_000000000181c930, L_000000000181d1f0, C4<1>, C4<1>;
L_000000000181c9a0 .functor NOT 1, L_0000000001834e90, C4<0>, C4<0>, C4<0>;
L_000000000181ca10 .functor AND 1, L_000000000181c000, L_000000000181c9a0, C4<1>, C4<1>;
L_000000000181d260 .functor AND 1, L_000000000181ca10, L_0000000001834170, C4<1>, C4<1>;
L_000000000181d180 .functor AND 1, L_000000000181d260, L_0000000001835070, C4<1>, C4<1>;
L_000000000181d030 .functor NOT 1, L_0000000001833d10, C4<0>, C4<0>, C4<0>;
L_000000000181cb60 .functor NOT 1, L_0000000001833810, C4<0>, C4<0>, C4<0>;
L_000000000181cd90 .functor AND 1, L_000000000181d030, L_000000000181cb60, C4<1>, C4<1>;
L_000000000181c150 .functor AND 1, L_000000000181cd90, L_0000000001832f50, C4<1>, C4<1>;
L_000000000181c8c0 .functor NOT 1, L_00000000018336d0, C4<0>, C4<0>, C4<0>;
L_000000000181ce70 .functor AND 1, L_000000000181c150, L_000000000181c8c0, C4<1>, C4<1>;
L_000000000181caf0 .functor NOT 1, L_00000000018333b0, C4<0>, C4<0>, C4<0>;
L_000000000181ca80 .functor AND 1, L_000000000181ce70, L_000000000181caf0, C4<1>, C4<1>;
L_000000000181da40 .functor AND 1, L_000000000181ca80, L_0000000001832910, C4<1>, C4<1>;
L_000000000181d110 .functor AND 1, L_000000000181da40, L_0000000001832cd0, C4<1>, C4<1>;
L_000000000181c850 .functor NOT 1, L_0000000001833f90, C4<0>, C4<0>, C4<0>;
L_000000000181d810 .functor AND 1, L_000000000181d110, L_000000000181c850, C4<1>, C4<1>;
L_000000000181d500 .functor NOT 1, L_0000000001834210, C4<0>, C4<0>, C4<0>;
L_000000000181c310 .functor AND 1, L_000000000181d810, L_000000000181d500, C4<1>, C4<1>;
L_000000000181c540 .functor NOT 1, L_0000000001833db0, C4<0>, C4<0>, C4<0>;
L_000000000181c0e0 .functor AND 1, L_000000000181c310, L_000000000181c540, C4<1>, C4<1>;
L_000000000181cf50 .functor AND 1, L_000000000181d110, L_0000000001834030, C4<1>, C4<1>;
L_000000000181d420 .functor AND 1, L_000000000181cf50, L_00000000018334f0, C4<1>, C4<1>;
L_000000000181c5b0 .functor NOT 1, L_0000000001833090, C4<0>, C4<0>, C4<0>;
L_000000000181cbd0 .functor AND 1, L_000000000181d420, L_000000000181c5b0, C4<1>, C4<1>;
L_000000000181cc40 .functor AND 1, L_0000000001833310, L_00000000018340d0, C4<1>, C4<1>;
L_000000000181c2a0 .functor NOT 1, L_0000000001834990, C4<0>, C4<0>, C4<0>;
L_000000000181c070 .functor AND 1, L_000000000181cc40, L_000000000181c2a0, C4<1>, C4<1>;
L_000000000181c620 .functor NOT 1, L_0000000001834f30, C4<0>, C4<0>, C4<0>;
L_000000000181c1c0 .functor AND 1, L_000000000181c070, L_000000000181c620, C4<1>, C4<1>;
L_000000000181cfc0 .functor AND 1, L_000000000181c1c0, L_0000000001834a30, C4<1>, C4<1>;
L_000000000181c380 .functor AND 1, L_000000000181cfc0, L_00000000018342b0, C4<1>, C4<1>;
L_000000000181d0a0 .functor AND 1, L_000000000181c380, L_0000000001834350, C4<1>, C4<1>;
L_000000000181d650 .functor NOT 1, L_0000000001833a90, C4<0>, C4<0>, C4<0>;
L_000000000181d2d0 .functor AND 1, L_000000000181d650, L_00000000018329b0, C4<1>, C4<1>;
L_000000000181c230 .functor NOT 1, L_00000000018345d0, C4<0>, C4<0>, C4<0>;
L_000000000181d340 .functor AND 1, L_000000000181d2d0, L_000000000181c230, C4<1>, C4<1>;
L_000000000181c3f0 .functor NOT 1, L_0000000001834ad0, C4<0>, C4<0>, C4<0>;
L_000000000181d3b0 .functor AND 1, L_000000000181d340, L_000000000181c3f0, C4<1>, C4<1>;
L_000000000181d490 .functor NOT 1, L_00000000018339f0, C4<0>, C4<0>, C4<0>;
L_000000000181ccb0 .functor AND 1, L_000000000181d3b0, L_000000000181d490, C4<1>, C4<1>;
L_000000000181c460 .functor AND 1, L_000000000181ccb0, L_0000000001833b30, C4<1>, C4<1>;
L_000000000181d6c0 .functor AND 1, L_000000000181c460, L_0000000001832a50, C4<1>, C4<1>;
L_000000000181d730 .functor NOT 1, L_0000000001834c10, C4<0>, C4<0>, C4<0>;
L_000000000181d7a0 .functor AND 1, L_000000000181d6c0, L_000000000181d730, C4<1>, C4<1>;
L_000000000181cd20 .functor AND 1, L_000000000181d7a0, L_0000000001832af0, C4<1>, C4<1>;
L_000000000181d880 .functor NOT 1, L_0000000001834670, C4<0>, C4<0>, C4<0>;
L_000000000181c690 .functor AND 1, L_000000000181cd20, L_000000000181d880, C4<1>, C4<1>;
L_000000000181c4d0 .functor AND 1, L_0000000001832c30, L_0000000001832b90, C4<1>, C4<1>;
L_000000000181d8f0 .functor NOT 1, L_0000000001834cb0, C4<0>, C4<0>, C4<0>;
L_000000000181d960 .functor AND 1, L_000000000181c4d0, L_000000000181d8f0, C4<1>, C4<1>;
L_000000000181d9d0 .functor NOT 1, L_0000000001832d70, C4<0>, C4<0>, C4<0>;
L_000000000181dab0 .functor AND 1, L_000000000181d960, L_000000000181d9d0, C4<1>, C4<1>;
L_000000000181bf20 .functor NOT 1, L_0000000001832ff0, C4<0>, C4<0>, C4<0>;
L_000000000181bf90 .functor AND 1, L_000000000181dab0, L_000000000181bf20, C4<1>, C4<1>;
L_000000000181c700 .functor AND 1, L_000000000181bf90, L_0000000001833450, C4<1>, C4<1>;
L_000000000181c7e0 .functor AND 1, L_000000000181c700, L_0000000001834d50, C4<1>, C4<1>;
L_000000000181ddc0 .functor NOT 1, L_0000000001833590, C4<0>, C4<0>, C4<0>;
L_000000000181dc00 .functor AND 1, L_000000000181c7e0, L_000000000181ddc0, C4<1>, C4<1>;
L_000000000181dc70 .functor NOT 1, L_0000000001833630, C4<0>, C4<0>, C4<0>;
L_000000000181db20 .functor AND 1, L_000000000181dc00, L_000000000181dc70, C4<1>, C4<1>;
L_000000000181db90 .functor NOT 1, L_0000000001834710, C4<0>, C4<0>, C4<0>;
L_000000000181dce0 .functor AND 1, L_000000000181db20, L_000000000181db90, C4<1>, C4<1>;
L_000000000181dd50 .functor AND 1, L_0000000001833770, L_00000000018338b0, C4<1>, C4<1>;
L_000000000181de30 .functor NOT 1, L_0000000001833950, C4<0>, C4<0>, C4<0>;
L_00000000018a0d80 .functor AND 1, L_000000000181dd50, L_000000000181de30, C4<1>, C4<1>;
L_00000000018a1790 .functor AND 1, L_00000000018a0d80, L_00000000018372d0, C4<1>, C4<1>;
L_00000000018a0ed0 .functor AND 1, L_00000000018a1790, L_0000000001837050, C4<1>, C4<1>;
L_00000000018a0f40 .functor AND 1, L_00000000018a0ed0, L_0000000001835a70, C4<1>, C4<1>;
L_00000000018a19c0 .functor AND 1, L_00000000018a0f40, L_0000000001835c50, C4<1>, C4<1>;
L_00000000018a0fb0 .functor NOT 1, L_0000000001836150, C4<0>, C4<0>, C4<0>;
L_00000000018a1a30 .functor AND 1, L_00000000018a0fb0, L_0000000001837190, C4<1>, C4<1>;
L_00000000018a1800 .functor AND 1, L_00000000018a1a30, L_0000000001836bf0, C4<1>, C4<1>;
L_00000000018a1b10 .functor NOT 1, L_00000000018356b0, C4<0>, C4<0>, C4<0>;
L_00000000018a03e0 .functor AND 1, L_00000000018a1800, L_00000000018a1b10, C4<1>, C4<1>;
L_00000000018a1bf0 .functor AND 1, L_00000000018a03e0, L_0000000001835610, C4<1>, C4<1>;
L_00000000018a1b80 .functor AND 1, L_00000000018a1bf0, L_0000000001837870, C4<1>, C4<1>;
L_00000000018a0990 .functor AND 1, L_00000000018a1b80, L_0000000001836290, C4<1>, C4<1>;
L_00000000018a1250 .functor NOT 1, L_0000000001836a10, C4<0>, C4<0>, C4<0>;
L_00000000018a05a0 .functor AND 1, L_000000000181d110, L_00000000018a1250, C4<1>, C4<1>;
L_00000000018a0140 .functor NOT 1, L_0000000001836b50, C4<0>, C4<0>, C4<0>;
L_00000000018a0840 .functor AND 1, L_00000000018a05a0, L_00000000018a0140, C4<1>, C4<1>;
L_00000000018a1aa0 .functor NOT 1, L_0000000001836330, C4<0>, C4<0>, C4<0>;
L_00000000018a1020 .functor AND 1, L_00000000018a0840, L_00000000018a1aa0, C4<1>, C4<1>;
L_00000000018a11e0 .functor NOT 1, L_0000000001835750, C4<0>, C4<0>, C4<0>;
L_00000000018a0610 .functor AND 1, L_00000000018a1020, L_00000000018a11e0, C4<1>, C4<1>;
L_00000000018a1870 .functor NOT 1, L_00000000018370f0, C4<0>, C4<0>, C4<0>;
L_00000000018a1090 .functor AND 1, L_00000000018a0610, L_00000000018a1870, C4<1>, C4<1>;
L_00000000018a0220 .functor NOT 1, L_0000000001836d30, C4<0>, C4<0>, C4<0>;
L_00000000018a1100 .functor AND 1, L_00000000018a1090, L_00000000018a0220, C4<1>, C4<1>;
L_00000000018a0290 .functor NOT 1, L_0000000001837230, C4<0>, C4<0>, C4<0>;
L_00000000018a1410 .functor AND 1, L_00000000018a1100, L_00000000018a0290, C4<1>, C4<1>;
L_00000000018a1480 .functor AND 1, L_00000000018a1410, L_00000000018361f0, C4<1>, C4<1>;
L_00000000018a18e0 .functor NOT 1, L_00000000018374b0, C4<0>, C4<0>, C4<0>;
L_00000000018a0300 .functor AND 1, L_00000000018a1480, L_00000000018a18e0, C4<1>, C4<1>;
L_00000000018a1950 .functor AND 1, L_00000000018a0300, L_00000000018375f0, C4<1>, C4<1>;
L_00000000018a1170 .functor NOT 1, L_0000000001836fb0, C4<0>, C4<0>, C4<0>;
L_00000000018a12c0 .functor AND 1, L_000000000181d110, L_00000000018a1170, C4<1>, C4<1>;
L_00000000018a0df0 .functor NOT 1, L_0000000001836010, C4<0>, C4<0>, C4<0>;
L_00000000018a1330 .functor AND 1, L_00000000018a12c0, L_00000000018a0df0, C4<1>, C4<1>;
L_00000000018a0370 .functor NOT 1, L_00000000018357f0, C4<0>, C4<0>, C4<0>;
L_00000000018a13a0 .functor AND 1, L_00000000018a1330, L_00000000018a0370, C4<1>, C4<1>;
L_00000000018a14f0 .functor NOT 1, L_0000000001836ab0, C4<0>, C4<0>, C4<0>;
L_00000000018a1720 .functor AND 1, L_00000000018a13a0, L_00000000018a14f0, C4<1>, C4<1>;
L_00000000018a0b50 .functor NOT 1, L_0000000001835890, C4<0>, C4<0>, C4<0>;
L_00000000018a0450 .functor AND 1, L_00000000018a1720, L_00000000018a0b50, C4<1>, C4<1>;
L_00000000018a1560 .functor NOT 1, L_0000000001837410, C4<0>, C4<0>, C4<0>;
L_00000000018a04c0 .functor AND 1, L_00000000018a0450, L_00000000018a1560, C4<1>, C4<1>;
L_00000000018a0c30 .functor NOT 1, L_00000000018363d0, C4<0>, C4<0>, C4<0>;
L_00000000018a0760 .functor AND 1, L_00000000018a04c0, L_00000000018a0c30, C4<1>, C4<1>;
L_00000000018a15d0 .functor NOT 1, L_0000000001837370, C4<0>, C4<0>, C4<0>;
L_00000000018a08b0 .functor AND 1, L_00000000018a0760, L_00000000018a15d0, C4<1>, C4<1>;
L_00000000018a16b0 .functor NOT 1, L_0000000001835b10, C4<0>, C4<0>, C4<0>;
L_00000000018a1640 .functor AND 1, L_00000000018a08b0, L_00000000018a16b0, C4<1>, C4<1>;
L_00000000018a0530 .functor AND 1, L_00000000018a1640, L_0000000001836470, C4<1>, C4<1>;
L_00000000018a1c60 .functor NOT 1, L_00000000018368d0, C4<0>, C4<0>, C4<0>;
L_00000000018a07d0 .functor AND 1, L_00000000017772d0, L_00000000018a1c60, C4<1>, C4<1>;
L_00000000018a1cd0 .functor NOT 1, L_0000000001835d90, C4<0>, C4<0>, C4<0>;
L_00000000018a01b0 .functor AND 1, L_00000000018a07d0, L_00000000018a1cd0, C4<1>, C4<1>;
L_00000000018a0680 .functor NOT 1, L_0000000001835390, C4<0>, C4<0>, C4<0>;
L_00000000018a06f0 .functor AND 1, L_00000000018a01b0, L_00000000018a0680, C4<1>, C4<1>;
L_00000000018a0920 .functor NOT 1, L_0000000001836dd0, C4<0>, C4<0>, C4<0>;
L_00000000018a0a00 .functor AND 1, L_00000000018a06f0, L_00000000018a0920, C4<1>, C4<1>;
L_00000000018a0a70 .functor NOT 1, L_0000000001835bb0, C4<0>, C4<0>, C4<0>;
L_00000000018a0ae0 .functor AND 1, L_00000000018a0a00, L_00000000018a0a70, C4<1>, C4<1>;
L_00000000018a0bc0 .functor NOT 1, L_0000000001835430, C4<0>, C4<0>, C4<0>;
L_00000000018a0ca0 .functor AND 1, L_00000000018a0ae0, L_00000000018a0bc0, C4<1>, C4<1>;
L_00000000018a0d10 .functor NOT 1, L_0000000001836e70, C4<0>, C4<0>, C4<0>;
L_00000000018a0e60 .functor AND 1, L_00000000018a0ca0, L_00000000018a0d10, C4<1>, C4<1>;
L_00000000018a2980 .functor NOT 1, L_00000000018360b0, C4<0>, C4<0>, C4<0>;
L_00000000018a2bb0 .functor AND 1, L_00000000018a0e60, L_00000000018a2980, C4<1>, C4<1>;
L_00000000018a1f70 .functor NOT 1, L_0000000001835930, C4<0>, C4<0>, C4<0>;
L_00000000018a2ad0 .functor AND 1, L_00000000018a2bb0, L_00000000018a1f70, C4<1>, C4<1>;
L_00000000018a2c20 .functor AND 1, L_00000000018a2ad0, L_0000000001836f10, C4<1>, C4<1>;
L_00000000018a2910 .functor NOT 1, L_0000000001835cf0, C4<0>, C4<0>, C4<0>;
L_00000000018a2750 .functor AND 1, L_00000000017772d0, L_00000000018a2910, C4<1>, C4<1>;
L_00000000018a3550 .functor NOT 1, L_00000000018354d0, C4<0>, C4<0>, C4<0>;
L_00000000018a3390 .functor AND 1, L_00000000018a2750, L_00000000018a3550, C4<1>, C4<1>;
L_00000000018a3010 .functor NOT 1, L_0000000001835570, C4<0>, C4<0>, C4<0>;
L_00000000018a2670 .functor AND 1, L_00000000018a3390, L_00000000018a3010, C4<1>, C4<1>;
L_00000000018a2a60 .functor NOT 1, L_00000000018359d0, C4<0>, C4<0>, C4<0>;
L_00000000018a3320 .functor AND 1, L_00000000018a2670, L_00000000018a2a60, C4<1>, C4<1>;
L_00000000018a23d0 .functor NOT 1, L_0000000001837690, C4<0>, C4<0>, C4<0>;
L_00000000018a2360 .functor AND 1, L_00000000018a3320, L_00000000018a23d0, C4<1>, C4<1>;
L_00000000018a2440 .functor NOT 1, L_0000000001837550, C4<0>, C4<0>, C4<0>;
L_00000000018a2c90 .functor AND 1, L_00000000018a2360, L_00000000018a2440, C4<1>, C4<1>;
L_00000000018a35c0 .functor NOT 1, L_0000000001837730, C4<0>, C4<0>, C4<0>;
L_00000000018a2280 .functor AND 1, L_00000000018a2c90, L_00000000018a35c0, C4<1>, C4<1>;
L_00000000018a2d00 .functor NOT 1, L_0000000001835e30, C4<0>, C4<0>, C4<0>;
L_00000000018a22f0 .functor AND 1, L_00000000018a2280, L_00000000018a2d00, C4<1>, C4<1>;
L_00000000018a29f0 .functor AND 1, L_00000000018a22f0, L_0000000001836970, C4<1>, C4<1>;
L_00000000018a2b40 .functor NOT 1, L_00000000018377d0, C4<0>, C4<0>, C4<0>;
L_00000000018a34e0 .functor AND 1, L_00000000018a29f0, L_00000000018a2b40, C4<1>, C4<1>;
L_00000000018a2d70 .functor AND 1, L_000000000181d110, L_0000000001835ed0, C4<1>, C4<1>;
L_00000000018a38d0 .functor NOT 1, L_0000000001835f70, C4<0>, C4<0>, C4<0>;
L_00000000018a2e50 .functor AND 1, L_00000000018a2d70, L_00000000018a38d0, C4<1>, C4<1>;
L_00000000018a2830 .functor AND 1, L_00000000018a2e50, L_0000000001836510, C4<1>, C4<1>;
L_00000000018a2de0 .functor NOT 1, L_0000000001835110, C4<0>, C4<0>, C4<0>;
L_00000000018a3400 .functor AND 1, L_00000000018a2830, L_00000000018a2de0, C4<1>, C4<1>;
L_00000000018a1f00 .functor AND 1, L_00000000018a3400, L_0000000001835250, C4<1>, C4<1>;
L_00000000018a1fe0 .functor NOT 1, L_00000000018365b0, C4<0>, C4<0>, C4<0>;
L_00000000018a3710 .functor AND 1, L_00000000018a1f00, L_00000000018a1fe0, C4<1>, C4<1>;
L_00000000018a2590 .functor NOT 1, L_00000000018351b0, C4<0>, C4<0>, C4<0>;
L_00000000018a3240 .functor AND 1, L_00000000018a3710, L_00000000018a2590, C4<1>, C4<1>;
L_00000000018a24b0 .functor NOT 1, L_0000000001836650, C4<0>, C4<0>, C4<0>;
L_00000000018a2130 .functor AND 1, L_00000000018a3240, L_00000000018a24b0, C4<1>, C4<1>;
L_00000000018a31d0 .functor NOT 1, L_00000000018352f0, C4<0>, C4<0>, C4<0>;
L_00000000018a20c0 .functor AND 1, L_00000000018a2130, L_00000000018a31d0, C4<1>, C4<1>;
L_00000000018a1d40 .functor NOT 1, L_00000000018366f0, C4<0>, C4<0>, C4<0>;
L_00000000018a2ec0 .functor AND 1, L_00000000018a20c0, L_00000000018a1d40, C4<1>, C4<1>;
L_00000000018a1e20 .functor NOT 1, L_0000000001836790, C4<0>, C4<0>, C4<0>;
L_00000000018a3080 .functor AND 1, L_00000000017772d0, L_00000000018a1e20, C4<1>, C4<1>;
L_00000000018a2f30 .functor NOT 1, L_0000000001836830, C4<0>, C4<0>, C4<0>;
L_00000000018a2fa0 .functor AND 1, L_00000000018a3080, L_00000000018a2f30, C4<1>, C4<1>;
L_00000000018a2050 .functor NOT 1, L_00000000018ad120, C4<0>, C4<0>, C4<0>;
L_00000000018a21a0 .functor AND 1, L_00000000018a2fa0, L_00000000018a2050, C4<1>, C4<1>;
L_00000000018a30f0 .functor NOT 1, L_00000000018ad1c0, C4<0>, C4<0>, C4<0>;
L_00000000018a3160 .functor AND 1, L_00000000018a21a0, L_00000000018a30f0, C4<1>, C4<1>;
L_00000000018a3630 .functor NOT 1, L_00000000018af060, C4<0>, C4<0>, C4<0>;
L_00000000018a32b0 .functor AND 1, L_00000000018a3160, L_00000000018a3630, C4<1>, C4<1>;
L_00000000018a2210 .functor NOT 1, L_00000000018ae660, C4<0>, C4<0>, C4<0>;
L_00000000018a2520 .functor AND 1, L_00000000018a32b0, L_00000000018a2210, C4<1>, C4<1>;
L_00000000018a2600 .functor NOT 1, L_00000000018ad260, C4<0>, C4<0>, C4<0>;
L_00000000018a26e0 .functor AND 1, L_00000000018a2520, L_00000000018a2600, C4<1>, C4<1>;
L_00000000018a27c0 .functor AND 1, L_00000000018a26e0, L_00000000018ad300, C4<1>, C4<1>;
L_00000000018a28a0 .functor NOT 1, L_00000000018ad3a0, C4<0>, C4<0>, C4<0>;
L_00000000018a3470 .functor AND 1, L_00000000018a27c0, L_00000000018a28a0, C4<1>, C4<1>;
L_00000000018a1e90 .functor AND 1, L_00000000018a3470, L_00000000018ad8a0, C4<1>, C4<1>;
L_00000000018a36a0 .functor NOT 1, L_00000000018aeb60, C4<0>, C4<0>, C4<0>;
L_00000000018a37f0 .functor AND 1, L_00000000017772d0, L_00000000018a36a0, C4<1>, C4<1>;
L_00000000018a3780 .functor AND 1, L_00000000018a37f0, L_00000000018ae7a0, C4<1>, C4<1>;
L_00000000018a1db0 .functor NOT 1, L_00000000018ae160, C4<0>, C4<0>, C4<0>;
L_00000000018a3860 .functor AND 1, L_00000000018a3780, L_00000000018a1db0, C4<1>, C4<1>;
L_00000000018a3c50 .functor NOT 1, L_00000000018ae700, C4<0>, C4<0>, C4<0>;
L_00000000018a3cc0 .functor AND 1, L_00000000018a3860, L_00000000018a3c50, C4<1>, C4<1>;
L_00000000018a3940 .functor NOT 1, L_00000000018ad440, C4<0>, C4<0>, C4<0>;
L_00000000018a3be0 .functor AND 1, L_00000000018a3cc0, L_00000000018a3940, C4<1>, C4<1>;
L_00000000018a3fd0 .functor NOT 1, L_00000000018af6a0, C4<0>, C4<0>, C4<0>;
L_00000000018a39b0 .functor AND 1, L_00000000018a3be0, L_00000000018a3fd0, C4<1>, C4<1>;
L_00000000018a4040 .functor NOT 1, L_00000000018ae200, C4<0>, C4<0>, C4<0>;
L_00000000018a3e80 .functor AND 1, L_00000000018a39b0, L_00000000018a4040, C4<1>, C4<1>;
L_00000000018a3a20 .functor AND 1, L_00000000018a3e80, L_00000000018ae840, C4<1>, C4<1>;
L_00000000018a3a90 .functor NOT 1, L_00000000018ad580, C4<0>, C4<0>, C4<0>;
L_00000000018a3b00 .functor AND 1, L_00000000018a3a20, L_00000000018a3a90, C4<1>, C4<1>;
L_00000000018a3b70 .functor AND 1, L_00000000018a3b00, L_00000000018ad6c0, C4<1>, C4<1>;
L_00000000018a3da0 .functor AND 1, L_000000000181d110, L_00000000018aea20, C4<1>, C4<1>;
L_00000000018a3f60 .functor NOT 1, L_00000000018af100, C4<0>, C4<0>, C4<0>;
L_00000000018a3d30 .functor AND 1, L_00000000018a3da0, L_00000000018a3f60, C4<1>, C4<1>;
L_00000000018a3e10 .functor NOT 1, L_00000000018af380, C4<0>, C4<0>, C4<0>;
L_00000000018a3ef0 .functor AND 1, L_00000000018a3d30, L_00000000018a3e10, C4<1>, C4<1>;
L_00000000018bf6f0 .functor NOT 1, L_00000000018af560, C4<0>, C4<0>, C4<0>;
L_00000000018bf300 .functor AND 1, L_00000000017772d0, L_00000000018bf6f0, C4<1>, C4<1>;
L_00000000018bfd80 .functor NOT 1, L_00000000018ae340, C4<0>, C4<0>, C4<0>;
L_00000000018bf760 .functor AND 1, L_00000000018bf300, L_00000000018bfd80, C4<1>, C4<1>;
L_00000000018bfbc0 .functor NOT 1, L_00000000018ad4e0, C4<0>, C4<0>, C4<0>;
L_00000000018bf0d0 .functor AND 1, L_00000000018bf760, L_00000000018bfbc0, C4<1>, C4<1>;
L_00000000018bf610 .functor NOT 1, L_00000000018ae0c0, C4<0>, C4<0>, C4<0>;
L_00000000018bfe60 .functor AND 1, L_00000000018bf0d0, L_00000000018bf610, C4<1>, C4<1>;
L_00000000018bf3e0 .functor NOT 1, L_00000000018adc60, C4<0>, C4<0>, C4<0>;
L_00000000018beff0 .functor AND 1, L_00000000018bfe60, L_00000000018bf3e0, C4<1>, C4<1>;
L_00000000018c0800 .functor NOT 1, L_00000000018ad620, C4<0>, C4<0>, C4<0>;
L_00000000018c04f0 .functor AND 1, L_00000000018beff0, L_00000000018c0800, C4<1>, C4<1>;
L_00000000018c0560 .functor NOT 1, L_00000000018aeac0, C4<0>, C4<0>, C4<0>;
L_00000000018bf990 .functor AND 1, L_00000000018c04f0, L_00000000018c0560, C4<1>, C4<1>;
L_00000000018c0480 .functor AND 1, L_00000000018bf990, L_00000000018af420, C4<1>, C4<1>;
L_00000000018bfa00 .functor NOT 1, L_00000000018aefc0, C4<0>, C4<0>, C4<0>;
L_00000000018bed50 .functor AND 1, L_00000000018c0480, L_00000000018bfa00, C4<1>, C4<1>;
L_00000000018bf220 .functor NOT 1, L_00000000018ad940, C4<0>, C4<0>, C4<0>;
L_00000000018bec70 .functor AND 1, L_00000000018bed50, L_00000000018bf220, C4<1>, C4<1>;
L_00000000018c0250 .functor NOT 1, L_00000000018ae520, C4<0>, C4<0>, C4<0>;
L_00000000018c0170 .functor AND 1, L_00000000017772d0, L_00000000018c0250, C4<1>, C4<1>;
L_00000000018bff40 .functor NOT 1, L_00000000018ad760, C4<0>, C4<0>, C4<0>;
L_00000000018bf530 .functor AND 1, L_00000000018c0170, L_00000000018bff40, C4<1>, C4<1>;
L_00000000018c03a0 .functor NOT 1, L_00000000018af600, C4<0>, C4<0>, C4<0>;
L_00000000018bfd10 .functor AND 1, L_00000000018bf530, L_00000000018c03a0, C4<1>, C4<1>;
L_00000000018c0100 .functor NOT 1, L_00000000018af740, C4<0>, C4<0>, C4<0>;
L_00000000018c02c0 .functor AND 1, L_00000000018bfd10, L_00000000018c0100, C4<1>, C4<1>;
L_00000000018bef10 .functor NOT 1, L_00000000018ae020, C4<0>, C4<0>, C4<0>;
L_00000000018bf8b0 .functor AND 1, L_00000000018c02c0, L_00000000018bef10, C4<1>, C4<1>;
L_00000000018bf060 .functor NOT 1, L_00000000018af1a0, C4<0>, C4<0>, C4<0>;
L_00000000018bedc0 .functor AND 1, L_00000000018bf8b0, L_00000000018bf060, C4<1>, C4<1>;
L_00000000018bf7d0 .functor NOT 1, L_00000000018ae3e0, C4<0>, C4<0>, C4<0>;
L_00000000018bee30 .functor AND 1, L_00000000018bedc0, L_00000000018bf7d0, C4<1>, C4<1>;
L_00000000018bfdf0 .functor NOT 1, L_00000000018af240, C4<0>, C4<0>, C4<0>;
L_00000000018bfca0 .functor AND 1, L_00000000018bee30, L_00000000018bfdf0, C4<1>, C4<1>;
L_00000000018bf4c0 .functor AND 1, L_00000000018bfca0, L_00000000018ad080, C4<1>, C4<1>;
L_00000000018bf370 .functor AND 1, L_00000000018bf4c0, L_00000000018ad800, C4<1>, C4<1>;
L_00000000018c0720 .functor NOT 1, L_00000000018ad9e0, C4<0>, C4<0>, C4<0>;
L_00000000018bfa70 .functor AND 1, L_000000000181d110, L_00000000018c0720, C4<1>, C4<1>;
L_00000000018bf840 .functor AND 1, L_00000000018bfa70, L_00000000018ae480, C4<1>, C4<1>;
L_00000000018bf920 .functor NOT 1, L_00000000018ada80, C4<0>, C4<0>, C4<0>;
L_00000000018c0330 .functor AND 1, L_00000000018bf840, L_00000000018bf920, C4<1>, C4<1>;
L_00000000018bf140 .functor NOT 1, L_00000000018ae5c0, C4<0>, C4<0>, C4<0>;
L_00000000018bfae0 .functor AND 1, L_000000000181d110, L_00000000018bf140, C4<1>, C4<1>;
L_00000000018beea0 .functor AND 1, L_00000000018bfae0, L_00000000018adb20, C4<1>, C4<1>;
L_00000000018bfed0 .functor AND 1, L_00000000018beea0, L_00000000018af2e0, C4<1>, C4<1>;
L_00000000018bece0 .functor AND 1, L_000000000181c7e0, L_00000000018add00, C4<1>, C4<1>;
L_00000000018bf450 .functor AND 1, L_000000000181c7e0, L_00000000018af4c0, C4<1>, C4<1>;
L_00000000018bfb50 .functor AND 1, L_000000000181c7e0, L_00000000018ae8e0, C4<1>, C4<1>;
L_00000000018bef80 .functor AND 1, L_000000000181c7e0, L_00000000018aec00, C4<1>, C4<1>;
L_00000000018c0410 .functor AND 1, L_000000000181d6c0, L_00000000018af7e0, C4<1>, C4<1>;
L_00000000018bf680 .functor AND 1, L_000000000181d6c0, L_00000000018adf80, C4<1>, C4<1>;
L_00000000018c05d0 .functor AND 1, L_000000000181d180, L_00000000018adbc0, C4<1>, C4<1>;
L_00000000018bffb0 .functor AND 1, L_000000000181d180, L_00000000018adda0, C4<1>, C4<1>;
L_00000000018bf5a0 .functor AND 1, L_000000000181d180, L_00000000018ade40, C4<1>, C4<1>;
L_00000000018bfc30 .functor AND 1, L_000000000181d180, L_00000000018ae980, C4<1>, C4<1>;
L_00000000018bf1b0 .functor AND 1, L_000000000181d180, L_00000000018ae2a0, C4<1>, C4<1>;
L_00000000018bf290 .functor OR 1, L_00000000017772d0, L_000000000181d110, C4<0>, C4<0>;
L_00000000018c0020 .functor OR 1, L_00000000018bf290, L_000000000181d0a0, C4<0>, C4<0>;
L_00000000018c0090 .functor OR 1, L_00000000018c0020, L_00000000018a19c0, C4<0>, C4<0>;
L_00000000018c01e0 .functor OR 1, L_00000000018c0090, L_00000000018a0990, C4<0>, C4<0>;
L_00000000018c0640 .functor OR 1, L_00000000018c01e0, L_000000000181d180, C4<0>, C4<0>;
L_00000000018c06b0 .functor OR 1, L_00000000018c0640, L_0000000001836c90, C4<0>, C4<0>;
L_00000000018c0790 .functor BUFZ 1, L_000000000181d6c0, C4<0>, C4<0>, C4<0>;
L_00000000018c08e0 .functor OR 1, L_000000000181d110, L_000000000181d6c0, C4<0>, C4<0>;
L_00000000018c0f70 .functor OR 1, L_00000000018c08e0, L_00000000018a19c0, C4<0>, C4<0>;
L_00000000018c0d40 .functor OR 1, L_00000000018c0f70, L_000000000181d0a0, C4<0>, C4<0>;
L_00000000018c0950 .functor OR 1, L_00000000018c0d40, L_00000000018a0990, C4<0>, C4<0>;
L_00000000018c0c60 .functor OR 1, L_00000000018c0950, L_0000000001836c90, C4<0>, C4<0>;
L_00000000018c0e20 .functor OR 1, L_00000000018c0c60, L_000000000181d180, C4<0>, C4<0>;
L_00000000018c0bf0 .functor BUFZ 1, L_000000000181d180, C4<0>, C4<0>, C4<0>;
L_00000000018c0e90 .functor OR 1, L_00000000018a0530, L_00000000018a2ec0, C4<0>, C4<0>;
L_00000000018c09c0 .functor OR 1, L_00000000018c0e90, L_00000000018a1950, C4<0>, C4<0>;
L_00000000018c0cd0 .functor OR 1, L_000000000181d110, L_000000000181cbd0, C4<0>, C4<0>;
L_00000000018c0a30 .functor OR 1, L_00000000018c0cd0, L_00000000018a3ef0, C4<0>, C4<0>;
L_00000000018c0aa0 .functor OR 1, L_00000000018c0a30, L_000000000181d180, C4<0>, C4<0>;
L_00000000018c0db0 .functor BUFZ 1, L_000000000181d6c0, C4<0>, C4<0>, C4<0>;
L_00000000018c0870 .functor BUFZ 1, L_000000000181c7e0, C4<0>, C4<0>, C4<0>;
L_00000000018c0b10 .functor BUFZ 1, L_00000000018a0990, C4<0>, C4<0>, C4<0>;
L_00000000018c0b80 .functor BUFZ 1, L_00000000018a19c0, C4<0>, C4<0>, C4<0>;
L_00000000018c0f00 .functor BUFZ 1, L_000000000181d180, C4<0>, C4<0>, C4<0>;
L_00000000018bd930 .functor OR 1, L_00000000018a19c0, L_000000000181d0a0, C4<0>, C4<0>;
L_00000000018bd3f0 .functor AND 1, L_000000000181c7e0, L_00000000018c4810, C4<1>, C4<1>;
L_00000000018be110 .functor BUFZ 1, L_00000000018a19c0, C4<0>, C4<0>, C4<0>;
L_00000000018be6c0 .functor BUFZ 1, L_000000000181d0a0, C4<0>, C4<0>, C4<0>;
L_00000000018bd460 .functor OR 1, L_000000000181d180, L_000000000181d6c0, C4<0>, C4<0>;
L_00000000018bd620 .functor OR 1, L_00000000018bd460, L_000000000181c0e0, C4<0>, C4<0>;
L_00000000018bd150 .functor OR 1, L_00000000018bd620, L_000000000181cbd0, C4<0>, C4<0>;
L_00000000018be880 .functor OR 1, L_00000000018bd150, L_0000000001777030, C4<0>, C4<0>;
L_00000000018be260 .functor OR 1, L_00000000018be880, L_0000000001737c40, C4<0>, C4<0>;
L_00000000018be340 .functor OR 1, L_00000000018be260, L_00000000018a0990, C4<0>, C4<0>;
L_00000000018bd1c0 .functor OR 1, L_00000000018be340, L_00000000018a2c20, C4<0>, C4<0>;
L_00000000018bd690 .functor OR 1, L_00000000018bd1c0, L_00000000018a0530, C4<0>, C4<0>;
L_00000000018bd4d0 .functor OR 1, L_00000000018bd690, L_00000000018a3b70, C4<0>, C4<0>;
L_00000000018bd230 .functor OR 1, L_00000000018bd4d0, L_00000000018a2ec0, C4<0>, C4<0>;
L_00000000018be3b0 .functor OR 1, L_00000000018bd230, L_00000000018bf370, C4<0>, C4<0>;
L_00000000018be2d0 .functor OR 1, L_00000000018be3b0, L_00000000018bfed0, C4<0>, C4<0>;
L_00000000018be8f0 .functor OR 1, L_000000000181d0a0, L_000000000181d180, C4<0>, C4<0>;
L_00000000018be7a0 .functor OR 1, L_00000000018be8f0, L_000000000181d6c0, C4<0>, C4<0>;
L_00000000018bdc40 .functor OR 1, L_00000000018be7a0, L_000000000181c0e0, C4<0>, C4<0>;
L_00000000018bdb60 .functor OR 1, L_00000000018bdc40, L_0000000001777030, C4<0>, C4<0>;
L_00000000018bdfc0 .functor OR 1, L_00000000018bdb60, L_000000000181d570, C4<0>, C4<0>;
L_00000000018bdd20 .functor OR 1, L_00000000018bdfc0, L_00000000018a2c20, C4<0>, C4<0>;
L_00000000018bdbd0 .functor OR 1, L_00000000018bdd20, L_00000000018a0530, C4<0>, C4<0>;
L_00000000018bd2a0 .functor OR 1, L_00000000018bdbd0, L_00000000018a34e0, C4<0>, C4<0>;
L_00000000018bd700 .functor OR 1, L_00000000018bd2a0, L_00000000018c0330, C4<0>, C4<0>;
L_00000000018bdcb0 .functor OR 1, L_00000000018bd700, L_00000000018bf370, C4<0>, C4<0>;
L_00000000018bda80 .functor OR 1, L_00000000018bdcb0, L_00000000018bfed0, C4<0>, C4<0>;
L_00000000018bd310 .functor OR 1, L_00000000018bda80, L_0000000001836c90, C4<0>, C4<0>;
L_00000000018be960 .functor OR 1, L_000000000181d570, L_000000000181cbd0, C4<0>, C4<0>;
L_00000000018bdaf0 .functor OR 1, L_00000000018be960, L_0000000001737c40, C4<0>, C4<0>;
L_00000000018be420 .functor OR 1, L_00000000018bdaf0, L_000000000181dce0, C4<0>, C4<0>;
L_00000000018bdd90 .functor OR 1, L_00000000018be420, L_0000000001776e70, C4<0>, C4<0>;
L_00000000018be9d0 .functor OR 1, L_00000000018bdd90, L_00000000018a2c20, C4<0>, C4<0>;
L_00000000018be650 .functor OR 1, L_00000000018be9d0, L_00000000018a0530, C4<0>, C4<0>;
L_00000000018bd540 .functor OR 1, L_00000000018be650, L_00000000018bec70, C4<0>, C4<0>;
L_00000000018bde70 .functor OR 1, L_00000000018bd540, L_00000000018a3ef0, C4<0>, C4<0>;
L_00000000018bd770 .functor OR 1, L_000000000181d570, L_000000000181cbd0, C4<0>, C4<0>;
L_00000000018bec00 .functor OR 1, L_00000000018bd770, L_0000000001737c40, C4<0>, C4<0>;
L_00000000018bdee0 .functor OR 1, L_00000000018bec00, L_00000000018a2c20, C4<0>, C4<0>;
L_00000000018bd8c0 .functor OR 1, L_00000000018bdee0, L_00000000018a0530, C4<0>, C4<0>;
L_00000000018be570 .functor OR 1, L_00000000018bd8c0, L_00000000018bec70, C4<0>, C4<0>;
L_00000000018be490 .functor OR 1, L_00000000018be570, L_00000000018a3ef0, C4<0>, C4<0>;
L_00000000018bde00 .functor OR 1, L_00000000018be490, L_00000000018a34e0, C4<0>, C4<0>;
L_00000000018bea40 .functor OR 1, L_00000000018bde00, L_00000000018c0330, C4<0>, C4<0>;
L_00000000018bd380 .functor OR 1, L_00000000018bea40, L_00000000018bf370, C4<0>, C4<0>;
L_00000000018bd5b0 .functor OR 1, L_00000000018bd380, L_00000000018bfed0, C4<0>, C4<0>;
L_00000000018bdf50 .functor OR 1, L_00000000018a1950, L_00000000018a1e90, C4<0>, C4<0>;
L_00000000018be030 .functor OR 1, L_00000000018bdf50, L_00000000018a3b70, C4<0>, C4<0>;
L_00000000018bd7e0 .functor OR 1, L_00000000018be030, L_00000000018a2ec0, C4<0>, C4<0>;
L_00000000018bd850 .functor OR 1, L_00000000018c0410, L_00000000018c05d0, C4<0>, C4<0>;
L_00000000018bd9a0 .functor OR 1, L_000000000181c690, L_00000000018bf5a0, C4<0>, C4<0>;
L_00000000018be0a0 .functor OR 1, L_00000000018bf680, L_00000000018bffb0, C4<0>, C4<0>;
v00000000017fe940_0 .net "ALUOp", 4 0, L_00000000018aede0;  alias, 1 drivers
v00000000017fe9e0_0 .net "ALUSrc", 0 0, L_00000000018c0e20;  alias, 1 drivers
v00000000017feb20_0 .net "DMType", 2 0, L_00000000018b1ae0;  alias, 1 drivers
v00000000017fed00_0 .net "EXTOp", 5 0, L_00000000018adee0;  alias, 1 drivers
v00000000017feda0_0 .net "Funct3", 2 0, L_00000000018b1b80;  1 drivers
v00000000017fe8a0_0 .net "Funct7", 6 0, L_00000000018afce0;  1 drivers
v00000000017fe6c0_0 .net "GPRSel", 1 0, o00000000017abae8;  alias, 0 drivers
v00000000017f78c0_0 .net "MemRead", 0 0, L_00000000018c0bf0;  alias, 1 drivers
v00000000017f8360_0 .net "MemWrite", 0 0, L_00000000018c0790;  alias, 1 drivers
v00000000017f8040_0 .net "NPCOp", 2 0, L_00000000018aed40;  alias, 1 drivers
v00000000017f8400_0 .net "Op", 6 0, L_00000000018afc40;  1 drivers
v00000000017f9260_0 .net "RegWrite", 0 0, L_00000000018c06b0;  alias, 1 drivers
v00000000017f7aa0_0 .net "WDSel", 1 0, L_00000000018aeca0;  alias, 1 drivers
v00000000017f7f00_0 .net "Zero", 0 0, L_00000000018c4810;  alias, 1 drivers
v00000000017f7960_0 .net *"_s1", 0 0, L_0000000001830430;  1 drivers
v00000000017f73c0_0 .net *"_s10", 0 0, L_00000000017760e0;  1 drivers
v00000000017f7320_0 .net *"_s100", 0 0, L_00000000017779d0;  1 drivers
v00000000017f8f40_0 .net *"_s1001", 0 0, L_00000000018aeac0;  1 drivers
v00000000017f7b40_0 .net *"_s1002", 0 0, L_00000000018c0560;  1 drivers
v00000000017f8ea0_0 .net *"_s1004", 0 0, L_00000000018bf990;  1 drivers
v00000000017f7460_0 .net *"_s1007", 0 0, L_00000000018af420;  1 drivers
v00000000017f7be0_0 .net *"_s1008", 0 0, L_00000000018c0480;  1 drivers
v00000000017f8a40_0 .net *"_s1011", 0 0, L_00000000018aefc0;  1 drivers
v00000000017f7000_0 .net *"_s1012", 0 0, L_00000000018bfa00;  1 drivers
v00000000017f8540_0 .net *"_s1014", 0 0, L_00000000018bed50;  1 drivers
v00000000017f7c80_0 .net *"_s1017", 0 0, L_00000000018ad940;  1 drivers
v00000000017f8860_0 .net *"_s1018", 0 0, L_00000000018bf220;  1 drivers
v00000000017f76e0_0 .net *"_s1023", 0 0, L_00000000018ae520;  1 drivers
v00000000017f8fe0_0 .net *"_s1024", 0 0, L_00000000018c0250;  1 drivers
v00000000017f70a0_0 .net *"_s1026", 0 0, L_00000000018c0170;  1 drivers
v00000000017f89a0_0 .net *"_s1029", 0 0, L_00000000018ad760;  1 drivers
v00000000017f80e0_0 .net *"_s103", 0 0, L_00000000018311f0;  1 drivers
v00000000017f9080_0 .net *"_s1030", 0 0, L_00000000018bff40;  1 drivers
v00000000017f7fa0_0 .net *"_s1032", 0 0, L_00000000018bf530;  1 drivers
v00000000017f8d60_0 .net *"_s1035", 0 0, L_00000000018af600;  1 drivers
v00000000017f93a0_0 .net *"_s1036", 0 0, L_00000000018c03a0;  1 drivers
v00000000017f9120_0 .net *"_s1038", 0 0, L_00000000018bfd10;  1 drivers
v00000000017f94e0_0 .net *"_s104", 0 0, L_00000000017769a0;  1 drivers
v00000000017f7820_0 .net *"_s1041", 0 0, L_00000000018af740;  1 drivers
v00000000017f8180_0 .net *"_s1042", 0 0, L_00000000018c0100;  1 drivers
v00000000017f8220_0 .net *"_s1044", 0 0, L_00000000018c02c0;  1 drivers
v00000000017f7dc0_0 .net *"_s1047", 0 0, L_00000000018ae020;  1 drivers
v00000000017f7e60_0 .net *"_s1048", 0 0, L_00000000018bef10;  1 drivers
v00000000017f84a0_0 .net *"_s1050", 0 0, L_00000000018bf8b0;  1 drivers
v00000000017f7780_0 .net *"_s1053", 0 0, L_00000000018af1a0;  1 drivers
v00000000017f82c0_0 .net *"_s1054", 0 0, L_00000000018bf060;  1 drivers
v00000000017f7280_0 .net *"_s1056", 0 0, L_00000000018bedc0;  1 drivers
v00000000017f7140_0 .net *"_s1059", 0 0, L_00000000018ae3e0;  1 drivers
v00000000017f7a00_0 .net *"_s106", 0 0, L_00000000017762a0;  1 drivers
v00000000017f7d20_0 .net *"_s1060", 0 0, L_00000000018bf7d0;  1 drivers
v00000000017f7500_0 .net *"_s1062", 0 0, L_00000000018bee30;  1 drivers
v00000000017f85e0_0 .net *"_s1065", 0 0, L_00000000018af240;  1 drivers
v00000000017f75a0_0 .net *"_s1066", 0 0, L_00000000018bfdf0;  1 drivers
v00000000017f8680_0 .net *"_s1068", 0 0, L_00000000018bfca0;  1 drivers
v00000000017f8c20_0 .net *"_s1071", 0 0, L_00000000018ad080;  1 drivers
v00000000017f8720_0 .net *"_s1072", 0 0, L_00000000018bf4c0;  1 drivers
v00000000017f8900_0 .net *"_s1075", 0 0, L_00000000018ad800;  1 drivers
v00000000017f87c0_0 .net *"_s1079", 0 0, L_00000000018ad9e0;  1 drivers
v00000000017f8ae0_0 .net *"_s1080", 0 0, L_00000000018c0720;  1 drivers
v00000000017f8b80_0 .net *"_s1082", 0 0, L_00000000018bfa70;  1 drivers
v00000000017f8cc0_0 .net *"_s1085", 0 0, L_00000000018ae480;  1 drivers
v00000000017f9620_0 .net *"_s1086", 0 0, L_00000000018bf840;  1 drivers
v00000000017f7640_0 .net *"_s1089", 0 0, L_00000000018ada80;  1 drivers
v00000000017f8e00_0 .net *"_s109", 0 0, L_00000000018324b0;  1 drivers
v00000000017f91c0_0 .net *"_s1090", 0 0, L_00000000018bf920;  1 drivers
v00000000017f9440_0 .net *"_s1095", 0 0, L_00000000018ae5c0;  1 drivers
v00000000017f6ec0_0 .net *"_s1096", 0 0, L_00000000018bf140;  1 drivers
v00000000017f71e0_0 .net *"_s1098", 0 0, L_00000000018bfae0;  1 drivers
v00000000017f9300_0 .net *"_s110", 0 0, L_0000000001777a40;  1 drivers
v00000000017f9580_0 .net *"_s1101", 0 0, L_00000000018adb20;  1 drivers
v00000000017f6f60_0 .net *"_s1102", 0 0, L_00000000018beea0;  1 drivers
v0000000001814380_0 .net *"_s1105", 0 0, L_00000000018af2e0;  1 drivers
L_0000000001848500 .functor BUFT 1, C4<001>, C4<0>, C4<0>, C4<0>;
v0000000001813700_0 .net/2u *"_s1108", 2 0, L_0000000001848500;  1 drivers
v00000000018155a0_0 .net *"_s1110", 0 0, L_00000000018add00;  1 drivers
L_0000000001848548 .functor BUFT 1, C4<100>, C4<0>, C4<0>, C4<0>;
v00000000018141a0_0 .net/2u *"_s1114", 2 0, L_0000000001848548;  1 drivers
v0000000001815780_0 .net *"_s1116", 0 0, L_00000000018af4c0;  1 drivers
v0000000001814880_0 .net *"_s112", 0 0, L_0000000001776460;  1 drivers
L_0000000001848590 .functor BUFT 1, C4<110>, C4<0>, C4<0>, C4<0>;
v0000000001814420_0 .net/2u *"_s1120", 2 0, L_0000000001848590;  1 drivers
v0000000001815dc0_0 .net *"_s1122", 0 0, L_00000000018ae8e0;  1 drivers
L_00000000018485d8 .functor BUFT 1, C4<111>, C4<0>, C4<0>, C4<0>;
v0000000001814c40_0 .net/2u *"_s1126", 2 0, L_00000000018485d8;  1 drivers
v0000000001813f20_0 .net *"_s1128", 0 0, L_00000000018aec00;  1 drivers
L_0000000001848620 .functor BUFT 1, C4<000>, C4<0>, C4<0>, C4<0>;
v0000000001815280_0 .net/2u *"_s1132", 2 0, L_0000000001848620;  1 drivers
v0000000001813840_0 .net *"_s1134", 0 0, L_00000000018af7e0;  1 drivers
L_0000000001848668 .functor BUFT 1, C4<001>, C4<0>, C4<0>, C4<0>;
v0000000001813d40_0 .net/2u *"_s1138", 2 0, L_0000000001848668;  1 drivers
v0000000001815aa0_0 .net *"_s1140", 0 0, L_00000000018adf80;  1 drivers
L_00000000018486b0 .functor BUFT 1, C4<000>, C4<0>, C4<0>, C4<0>;
v0000000001814560_0 .net/2u *"_s1144", 2 0, L_00000000018486b0;  1 drivers
v00000000018138e0_0 .net *"_s1146", 0 0, L_00000000018adbc0;  1 drivers
v0000000001813fc0_0 .net *"_s115", 0 0, L_00000000018318d0;  1 drivers
L_00000000018486f8 .functor BUFT 1, C4<001>, C4<0>, C4<0>, C4<0>;
v0000000001815820_0 .net/2u *"_s1150", 2 0, L_00000000018486f8;  1 drivers
v0000000001813980_0 .net *"_s1152", 0 0, L_00000000018adda0;  1 drivers
L_0000000001848740 .functor BUFT 1, C4<010>, C4<0>, C4<0>, C4<0>;
v0000000001814100_0 .net/2u *"_s1156", 2 0, L_0000000001848740;  1 drivers
v0000000001815be0_0 .net *"_s1158", 0 0, L_00000000018ade40;  1 drivers
v0000000001814600_0 .net *"_s116", 0 0, L_0000000001776a80;  1 drivers
L_0000000001848788 .functor BUFT 1, C4<100>, C4<0>, C4<0>, C4<0>;
v00000000018158c0_0 .net/2u *"_s1162", 2 0, L_0000000001848788;  1 drivers
v0000000001814240_0 .net *"_s1164", 0 0, L_00000000018ae980;  1 drivers
L_00000000018487d0 .functor BUFT 1, C4<101>, C4<0>, C4<0>, C4<0>;
v0000000001815640_0 .net/2u *"_s1168", 2 0, L_00000000018487d0;  1 drivers
v0000000001815c80_0 .net *"_s1170", 0 0, L_00000000018ae2a0;  1 drivers
v00000000018142e0_0 .net *"_s1174", 0 0, L_00000000018bf290;  1 drivers
v0000000001815e60_0 .net *"_s1176", 0 0, L_00000000018c0020;  1 drivers
v00000000018156e0_0 .net *"_s1178", 0 0, L_00000000018c0090;  1 drivers
v0000000001814b00_0 .net *"_s118", 0 0, L_0000000001776700;  1 drivers
v0000000001814f60_0 .net *"_s1180", 0 0, L_00000000018c01e0;  1 drivers
v00000000018147e0_0 .net *"_s1182", 0 0, L_00000000018c0640;  1 drivers
v0000000001814920_0 .net *"_s1188", 0 0, L_00000000018c08e0;  1 drivers
v0000000001813ac0_0 .net *"_s1190", 0 0, L_00000000018c0f70;  1 drivers
v0000000001814e20_0 .net *"_s1192", 0 0, L_00000000018c0d40;  1 drivers
v0000000001813de0_0 .net *"_s1194", 0 0, L_00000000018c0950;  1 drivers
v0000000001814060_0 .net *"_s1196", 0 0, L_00000000018c0c60;  1 drivers
v0000000001814a60_0 .net *"_s1204", 0 0, L_00000000018c0e90;  1 drivers
v00000000018144c0_0 .net *"_s1206", 0 0, L_00000000018c09c0;  1 drivers
v0000000001813a20_0 .net *"_s121", 0 0, L_0000000001832550;  1 drivers
v00000000018146a0_0 .net *"_s1210", 0 0, L_00000000018c0cd0;  1 drivers
v0000000001814740_0 .net *"_s1212", 0 0, L_00000000018c0a30;  1 drivers
v0000000001815d20_0 .net *"_s1214", 0 0, L_00000000018c0aa0;  1 drivers
v00000000018149c0_0 .net *"_s1219", 0 0, L_00000000018c0db0;  1 drivers
v0000000001813b60_0 .net *"_s122", 0 0, L_0000000001777b20;  1 drivers
v0000000001815960_0 .net *"_s1223", 0 0, L_00000000018c0870;  1 drivers
v0000000001815a00_0 .net *"_s1227", 0 0, L_00000000018c0b10;  1 drivers
v0000000001813c00_0 .net *"_s1232", 0 0, L_00000000018c0b80;  1 drivers
v0000000001813ca0_0 .net *"_s1236", 0 0, L_00000000018c0f00;  1 drivers
v0000000001813e80_0 .net *"_s124", 0 0, L_0000000001775f90;  1 drivers
v0000000001814ba0_0 .net *"_s1240", 0 0, L_00000000018bd930;  1 drivers
v0000000001814ce0_0 .net *"_s1244", 0 0, L_00000000018bd3f0;  1 drivers
v0000000001815b40_0 .net *"_s1249", 0 0, L_00000000018be110;  1 drivers
v0000000001815000_0 .net *"_s1254", 0 0, L_00000000018be6c0;  1 drivers
v00000000018137a0_0 .net *"_s1257", 0 0, L_00000000018bd460;  1 drivers
v0000000001814d80_0 .net *"_s1259", 0 0, L_00000000018bd620;  1 drivers
v0000000001814ec0_0 .net *"_s1261", 0 0, L_00000000018bd150;  1 drivers
v00000000018150a0_0 .net *"_s1263", 0 0, L_00000000018be880;  1 drivers
v0000000001815140_0 .net *"_s1265", 0 0, L_00000000018be260;  1 drivers
v00000000018151e0_0 .net *"_s1267", 0 0, L_00000000018be340;  1 drivers
v0000000001815320_0 .net *"_s1269", 0 0, L_00000000018bd1c0;  1 drivers
v00000000018153c0_0 .net *"_s127", 0 0, L_0000000001832690;  1 drivers
v0000000001815460_0 .net *"_s1271", 0 0, L_00000000018bd690;  1 drivers
v0000000001815500_0 .net *"_s1273", 0 0, L_00000000018bd4d0;  1 drivers
v00000000018180c0_0 .net *"_s1275", 0 0, L_00000000018bd230;  1 drivers
v0000000001818660_0 .net *"_s1277", 0 0, L_00000000018be3b0;  1 drivers
v0000000001815f00_0 .net *"_s1279", 0 0, L_00000000018be2d0;  1 drivers
v0000000001817080_0 .net *"_s128", 0 0, L_0000000001776cb0;  1 drivers
v00000000018179e0_0 .net *"_s1283", 0 0, L_00000000018be8f0;  1 drivers
v00000000018178a0_0 .net *"_s1285", 0 0, L_00000000018be7a0;  1 drivers
v0000000001817a80_0 .net *"_s1287", 0 0, L_00000000018bdc40;  1 drivers
v00000000018171c0_0 .net *"_s1289", 0 0, L_00000000018bdb60;  1 drivers
v0000000001817e40_0 .net *"_s1291", 0 0, L_00000000018bdfc0;  1 drivers
v00000000018167c0_0 .net *"_s1293", 0 0, L_00000000018bdd20;  1 drivers
v0000000001817580_0 .net *"_s1295", 0 0, L_00000000018bdbd0;  1 drivers
v0000000001817ee0_0 .net *"_s1297", 0 0, L_00000000018bd2a0;  1 drivers
v0000000001818200_0 .net *"_s1299", 0 0, L_00000000018bd700;  1 drivers
v0000000001816040_0 .net *"_s13", 0 0, L_0000000001831790;  1 drivers
v0000000001817300_0 .net *"_s130", 0 0, L_0000000001776000;  1 drivers
v0000000001816f40_0 .net *"_s1301", 0 0, L_00000000018bdcb0;  1 drivers
v0000000001816c20_0 .net *"_s1303", 0 0, L_00000000018bda80;  1 drivers
v0000000001818020_0 .net *"_s1305", 0 0, L_00000000018bd310;  1 drivers
v0000000001817f80_0 .net *"_s1309", 0 0, L_00000000018be960;  1 drivers
v0000000001818160_0 .net *"_s1311", 0 0, L_00000000018bdaf0;  1 drivers
v00000000018182a0_0 .net *"_s1313", 0 0, L_00000000018be420;  1 drivers
v0000000001817d00_0 .net *"_s1315", 0 0, L_00000000018bdd90;  1 drivers
v0000000001816680_0 .net *"_s1317", 0 0, L_00000000018be9d0;  1 drivers
v0000000001818340_0 .net *"_s1319", 0 0, L_00000000018be650;  1 drivers
v0000000001816e00_0 .net *"_s1321", 0 0, L_00000000018bd540;  1 drivers
v0000000001817620_0 .net *"_s1323", 0 0, L_00000000018bde70;  1 drivers
v00000000018183e0_0 .net *"_s1327", 0 0, L_00000000018bd770;  1 drivers
v0000000001817c60_0 .net *"_s1329", 0 0, L_00000000018bec00;  1 drivers
v0000000001817120_0 .net *"_s133", 0 0, L_0000000001831ab0;  1 drivers
v00000000018176c0_0 .net *"_s1331", 0 0, L_00000000018bdee0;  1 drivers
v0000000001816fe0_0 .net *"_s1333", 0 0, L_00000000018bd8c0;  1 drivers
v0000000001817940_0 .net *"_s1335", 0 0, L_00000000018be570;  1 drivers
v0000000001817260_0 .net *"_s1337", 0 0, L_00000000018be490;  1 drivers
v00000000018173a0_0 .net *"_s1339", 0 0, L_00000000018bde00;  1 drivers
v0000000001817440_0 .net *"_s134", 0 0, L_00000000017764d0;  1 drivers
v00000000018174e0_0 .net *"_s1341", 0 0, L_00000000018bea40;  1 drivers
v0000000001815fa0_0 .net *"_s1343", 0 0, L_00000000018bd380;  1 drivers
v0000000001816400_0 .net *"_s1345", 0 0, L_00000000018bd5b0;  1 drivers
v0000000001817760_0 .net *"_s1350", 0 0, L_00000000018bdf50;  1 drivers
v0000000001816a40_0 .net *"_s1352", 0 0, L_00000000018be030;  1 drivers
v0000000001818480_0 .net *"_s1354", 0 0, L_00000000018bd7e0;  1 drivers
v00000000018160e0_0 .net *"_s1356", 0 0, L_00000000018bd850;  1 drivers
L_0000000001848818 .functor BUFT 1, C4<011>, C4<0>, C4<0>, C4<0>;
v0000000001816220_0 .net/2u *"_s1358", 2 0, L_0000000001848818;  1 drivers
v0000000001818520_0 .net *"_s136", 0 0, L_0000000001776850;  1 drivers
v0000000001817800_0 .net *"_s1360", 0 0, L_00000000018bd9a0;  1 drivers
L_0000000001848860 .functor BUFT 1, C4<000>, C4<0>, C4<0>, C4<0>;
v0000000001816180_0 .net/2u *"_s1362", 2 0, L_0000000001848860;  1 drivers
v0000000001817b20_0 .net *"_s1364", 0 0, L_00000000018be0a0;  1 drivers
L_00000000018488a8 .functor BUFT 1, C4<001>, C4<0>, C4<0>, C4<0>;
v0000000001817bc0_0 .net/2u *"_s1366", 2 0, L_00000000018488a8;  1 drivers
L_00000000018488f0 .functor BUFT 1, C4<100>, C4<0>, C4<0>, C4<0>;
v0000000001817da0_0 .net/2u *"_s1368", 2 0, L_00000000018488f0;  1 drivers
L_0000000001848938 .functor BUFT 1, C4<010>, C4<0>, C4<0>, C4<0>;
v00000000018169a0_0 .net/2u *"_s1370", 2 0, L_0000000001848938;  1 drivers
L_0000000001848980 .functor BUFT 1, C4<000>, C4<0>, C4<0>, C4<0>;
v00000000018185c0_0 .net/2u *"_s1372", 2 0, L_0000000001848980;  1 drivers
v0000000001816b80_0 .net *"_s1374", 2 0, L_00000000018aee80;  1 drivers
v00000000018162c0_0 .net *"_s1376", 2 0, L_00000000018aef20;  1 drivers
v00000000018164a0_0 .net *"_s1378", 2 0, L_00000000018b0320;  1 drivers
v0000000001816ae0_0 .net *"_s1380", 2 0, L_00000000018b06e0;  1 drivers
v0000000001816360_0 .net *"_s139", 0 0, L_0000000001831b50;  1 drivers
v0000000001816540_0 .net *"_s14", 0 0, L_0000000001777500;  1 drivers
v00000000018165e0_0 .net *"_s140", 0 0, L_00000000017768c0;  1 drivers
v0000000001816cc0_0 .net *"_s142", 0 0, L_0000000001776e00;  1 drivers
v0000000001816720_0 .net *"_s145", 0 0, L_0000000001831c90;  1 drivers
v0000000001816860_0 .net *"_s146", 0 0, L_0000000001776930;  1 drivers
v0000000001816900_0 .net *"_s151", 0 0, L_00000000018302f0;  1 drivers
v0000000001816d60_0 .net *"_s152", 0 0, L_00000000017771f0;  1 drivers
v0000000001816ea0_0 .net *"_s154", 0 0, L_0000000001777c70;  1 drivers
v0000000001818a20_0 .net *"_s157", 0 0, L_0000000001831d30;  1 drivers
v0000000001818d40_0 .net *"_s158", 0 0, L_0000000001777ce0;  1 drivers
v0000000001818ac0_0 .net *"_s16", 0 0, L_0000000001777650;  1 drivers
v0000000001818ca0_0 .net *"_s160", 0 0, L_0000000001777d50;  1 drivers
v0000000001818de0_0 .net *"_s163", 0 0, L_0000000001831dd0;  1 drivers
v0000000001818700_0 .net *"_s164", 0 0, L_0000000001777dc0;  1 drivers
v00000000018187a0_0 .net *"_s166", 0 0, L_0000000001777c00;  1 drivers
v0000000001818980_0 .net *"_s169", 0 0, L_0000000001831fb0;  1 drivers
v0000000001818b60_0 .net *"_s170", 0 0, L_0000000001777b90;  1 drivers
v0000000001818c00_0 .net *"_s172", 0 0, L_0000000001777e30;  1 drivers
v0000000001818840_0 .net *"_s175", 0 0, L_00000000018327d0;  1 drivers
v00000000018188e0_0 .net *"_s176", 0 0, L_0000000001777ea0;  1 drivers
v00000000018123a0_0 .net *"_s178", 0 0, L_0000000001739530;  1 drivers
v0000000001811720_0 .net *"_s181", 0 0, L_00000000018301b0;  1 drivers
v0000000001812120_0 .net *"_s182", 0 0, L_00000000017390d0;  1 drivers
v00000000018112c0_0 .net *"_s184", 0 0, L_0000000001739140;  1 drivers
v0000000001811cc0_0 .net *"_s187", 0 0, L_00000000018348f0;  1 drivers
v0000000001811040_0 .net *"_s188", 0 0, L_00000000017391b0;  1 drivers
v0000000001812440_0 .net *"_s19", 0 0, L_0000000001832190;  1 drivers
v0000000001811ae0_0 .net *"_s190", 0 0, L_0000000001738810;  1 drivers
v0000000001812d00_0 .net *"_s193", 0 0, L_0000000001834490;  1 drivers
v0000000001813660_0 .net *"_s194", 0 0, L_0000000001737bd0;  1 drivers
v0000000001812bc0_0 .net *"_s197", 0 0, L_0000000001834b70;  1 drivers
v00000000018124e0_0 .net *"_s198", 0 0, L_00000000017382d0;  1 drivers
v0000000001812580_0 .net *"_s2", 0 0, L_0000000001776770;  1 drivers
v0000000001811220_0 .net *"_s20", 0 0, L_0000000001776310;  1 drivers
v0000000001811f40_0 .net *"_s201", 0 0, L_0000000001833130;  1 drivers
v0000000001811360_0 .net *"_s202", 0 0, L_0000000001738dc0;  1 drivers
v00000000018128a0_0 .net *"_s207", 0 0, L_0000000001834df0;  1 drivers
v0000000001812e40_0 .net *"_s208", 0 0, L_00000000017383b0;  1 drivers
v0000000001812ee0_0 .net *"_s210", 0 0, L_0000000001738730;  1 drivers
v0000000001811fe0_0 .net *"_s213", 0 0, L_0000000001833e50;  1 drivers
v00000000018130c0_0 .net *"_s214", 0 0, L_00000000017381f0;  1 drivers
v0000000001810f00_0 .net *"_s216", 0 0, L_0000000001739220;  1 drivers
v0000000001810fa0_0 .net *"_s219", 0 0, L_00000000018347b0;  1 drivers
v0000000001812080_0 .net *"_s22", 0 0, L_00000000017767e0;  1 drivers
v00000000018129e0_0 .net *"_s220", 0 0, L_00000000017388f0;  1 drivers
v0000000001812940_0 .net *"_s222", 0 0, L_00000000017380a0;  1 drivers
v0000000001812a80_0 .net *"_s225", 0 0, L_0000000001832e10;  1 drivers
v00000000018121c0_0 .net *"_s226", 0 0, L_0000000001738ab0;  1 drivers
v0000000001812f80_0 .net *"_s228", 0 0, L_0000000001737930;  1 drivers
v00000000018117c0_0 .net *"_s231", 0 0, L_0000000001833bd0;  1 drivers
v0000000001812620_0 .net *"_s232", 0 0, L_0000000001738b20;  1 drivers
v0000000001813020_0 .net *"_s234", 0 0, L_00000000012aa7f0;  1 drivers
v0000000001813200_0 .net *"_s237", 0 0, L_00000000018343f0;  1 drivers
v00000000018110e0_0 .net *"_s238", 0 0, L_00000000012aac50;  1 drivers
v0000000001812300_0 .net *"_s240", 0 0, L_00000000012aa160;  1 drivers
v0000000001812260_0 .net *"_s243", 0 0, L_0000000001833ef0;  1 drivers
v0000000001811c20_0 .net *"_s244", 0 0, L_00000000012aa010;  1 drivers
v0000000001813160_0 .net *"_s246", 0 0, L_00000000012aa470;  1 drivers
v00000000018132a0_0 .net *"_s249", 0 0, L_0000000001834850;  1 drivers
v0000000001813340_0 .net *"_s25", 0 0, L_0000000001830a70;  1 drivers
v00000000018133e0_0 .net *"_s250", 0 0, L_00000000012aa4e0;  1 drivers
v0000000001812da0_0 .net *"_s253", 0 0, L_0000000001834530;  1 drivers
v0000000001811680_0 .net *"_s254", 0 0, L_000000000126eff0;  1 drivers
v0000000001813480_0 .net *"_s257", 0 0, L_0000000001832eb0;  1 drivers
v0000000001811e00_0 .net *"_s26", 0 0, L_0000000001777880;  1 drivers
v00000000018126c0_0 .net *"_s261", 0 0, L_0000000001833270;  1 drivers
v0000000001813520_0 .net *"_s262", 0 0, L_000000000181d5e0;  1 drivers
v0000000001812c60_0 .net *"_s265", 0 0, L_0000000001834fd0;  1 drivers
v0000000001812760_0 .net *"_s266", 0 0, L_000000000181ce00;  1 drivers
v0000000001812800_0 .net *"_s268", 0 0, L_000000000181c770;  1 drivers
v0000000001812b20_0 .net *"_s271", 0 0, L_0000000001833c70;  1 drivers
v00000000018135c0_0 .net *"_s272", 0 0, L_000000000181cee0;  1 drivers
v0000000001811180_0 .net *"_s274", 0 0, L_000000000181c930;  1 drivers
v0000000001811400_0 .net *"_s277", 0 0, L_00000000018331d0;  1 drivers
v00000000018114a0_0 .net *"_s278", 0 0, L_000000000181d1f0;  1 drivers
v0000000001811540_0 .net *"_s280", 0 0, L_000000000181c000;  1 drivers
v00000000018115e0_0 .net *"_s283", 0 0, L_0000000001834e90;  1 drivers
v0000000001811860_0 .net *"_s284", 0 0, L_000000000181c9a0;  1 drivers
v0000000001811900_0 .net *"_s286", 0 0, L_000000000181ca10;  1 drivers
v0000000001811a40_0 .net *"_s289", 0 0, L_0000000001834170;  1 drivers
v00000000018119a0_0 .net *"_s29", 0 0, L_0000000001830570;  1 drivers
v0000000001811b80_0 .net *"_s290", 0 0, L_000000000181d260;  1 drivers
v0000000001811d60_0 .net *"_s293", 0 0, L_0000000001835070;  1 drivers
v0000000001811ea0_0 .net *"_s297", 0 0, L_0000000001833d10;  1 drivers
v0000000001826280_0 .net *"_s298", 0 0, L_000000000181d030;  1 drivers
v0000000001826d20_0 .net *"_s301", 0 0, L_0000000001833810;  1 drivers
v0000000001825d80_0 .net *"_s302", 0 0, L_000000000181cb60;  1 drivers
v0000000001825100_0 .net *"_s304", 0 0, L_000000000181cd90;  1 drivers
v0000000001826fa0_0 .net *"_s307", 0 0, L_0000000001832f50;  1 drivers
v0000000001825ec0_0 .net *"_s308", 0 0, L_000000000181c150;  1 drivers
v0000000001825a60_0 .net *"_s311", 0 0, L_00000000018336d0;  1 drivers
v00000000018270e0_0 .net *"_s312", 0 0, L_000000000181c8c0;  1 drivers
v00000000018266e0_0 .net *"_s314", 0 0, L_000000000181ce70;  1 drivers
v0000000001826640_0 .net *"_s317", 0 0, L_00000000018333b0;  1 drivers
v0000000001825920_0 .net *"_s318", 0 0, L_000000000181caf0;  1 drivers
v0000000001825380_0 .net *"_s320", 0 0, L_000000000181ca80;  1 drivers
v00000000018263c0_0 .net *"_s323", 0 0, L_0000000001832910;  1 drivers
v0000000001827360_0 .net *"_s324", 0 0, L_000000000181da40;  1 drivers
v0000000001825f60_0 .net *"_s327", 0 0, L_0000000001832cd0;  1 drivers
v0000000001825240_0 .net *"_s33", 0 0, L_0000000001830c50;  1 drivers
v0000000001826000_0 .net *"_s331", 0 0, L_0000000001833f90;  1 drivers
v00000000018260a0_0 .net *"_s332", 0 0, L_000000000181c850;  1 drivers
v00000000018261e0_0 .net *"_s334", 0 0, L_000000000181d810;  1 drivers
v00000000018252e0_0 .net *"_s337", 0 0, L_0000000001834210;  1 drivers
v0000000001826140_0 .net *"_s338", 0 0, L_000000000181d500;  1 drivers
v0000000001827220_0 .net *"_s34", 0 0, L_0000000001776c40;  1 drivers
v0000000001825ba0_0 .net *"_s340", 0 0, L_000000000181c310;  1 drivers
v00000000018274a0_0 .net *"_s343", 0 0, L_0000000001833db0;  1 drivers
v00000000018254c0_0 .net *"_s344", 0 0, L_000000000181c540;  1 drivers
v0000000001825b00_0 .net *"_s349", 0 0, L_0000000001834030;  1 drivers
v0000000001826b40_0 .net *"_s350", 0 0, L_000000000181cf50;  1 drivers
v0000000001826820_0 .net *"_s353", 0 0, L_00000000018334f0;  1 drivers
v00000000018272c0_0 .net *"_s354", 0 0, L_000000000181d420;  1 drivers
v0000000001826dc0_0 .net *"_s357", 0 0, L_0000000001833090;  1 drivers
v0000000001825560_0 .net *"_s358", 0 0, L_000000000181c5b0;  1 drivers
v0000000001827040_0 .net *"_s36", 0 0, L_0000000001776a10;  1 drivers
v0000000001826320_0 .net *"_s363", 0 0, L_0000000001833310;  1 drivers
v0000000001825e20_0 .net *"_s365", 0 0, L_00000000018340d0;  1 drivers
v00000000018277c0_0 .net *"_s366", 0 0, L_000000000181cc40;  1 drivers
v00000000018251a0_0 .net *"_s369", 0 0, L_0000000001834990;  1 drivers
v0000000001825ce0_0 .net *"_s370", 0 0, L_000000000181c2a0;  1 drivers
v0000000001825420_0 .net *"_s372", 0 0, L_000000000181c070;  1 drivers
v0000000001825740_0 .net *"_s375", 0 0, L_0000000001834f30;  1 drivers
v0000000001827540_0 .net *"_s376", 0 0, L_000000000181c620;  1 drivers
v0000000001827180_0 .net *"_s378", 0 0, L_000000000181c1c0;  1 drivers
v0000000001825600_0 .net *"_s381", 0 0, L_0000000001834a30;  1 drivers
v0000000001826be0_0 .net *"_s382", 0 0, L_000000000181cfc0;  1 drivers
v0000000001826460_0 .net *"_s385", 0 0, L_00000000018342b0;  1 drivers
v0000000001825c40_0 .net *"_s386", 0 0, L_000000000181c380;  1 drivers
v00000000018275e0_0 .net *"_s389", 0 0, L_0000000001834350;  1 drivers
v0000000001827680_0 .net *"_s39", 0 0, L_0000000001830d90;  1 drivers
v0000000001826500_0 .net *"_s393", 0 0, L_0000000001833a90;  1 drivers
v0000000001826780_0 .net *"_s394", 0 0, L_000000000181d650;  1 drivers
v00000000018265a0_0 .net *"_s397", 0 0, L_00000000018329b0;  1 drivers
v00000000018268c0_0 .net *"_s398", 0 0, L_000000000181d2d0;  1 drivers
v0000000001827860_0 .net *"_s40", 0 0, L_00000000017776c0;  1 drivers
v0000000001827400_0 .net *"_s401", 0 0, L_00000000018345d0;  1 drivers
v0000000001826960_0 .net *"_s402", 0 0, L_000000000181c230;  1 drivers
v0000000001826a00_0 .net *"_s404", 0 0, L_000000000181d340;  1 drivers
v0000000001826aa0_0 .net *"_s407", 0 0, L_0000000001834ad0;  1 drivers
v0000000001826c80_0 .net *"_s408", 0 0, L_000000000181c3f0;  1 drivers
v00000000018256a0_0 .net *"_s410", 0 0, L_000000000181d3b0;  1 drivers
v0000000001826e60_0 .net *"_s413", 0 0, L_00000000018339f0;  1 drivers
v00000000018257e0_0 .net *"_s414", 0 0, L_000000000181d490;  1 drivers
v00000000018259c0_0 .net *"_s416", 0 0, L_000000000181ccb0;  1 drivers
v0000000001826f00_0 .net *"_s419", 0 0, L_0000000001833b30;  1 drivers
v0000000001827720_0 .net *"_s42", 0 0, L_0000000001777570;  1 drivers
v0000000001825880_0 .net *"_s420", 0 0, L_000000000181c460;  1 drivers
v0000000001828120_0 .net *"_s423", 0 0, L_0000000001832a50;  1 drivers
v00000000018283a0_0 .net *"_s427", 0 0, L_0000000001834c10;  1 drivers
v0000000001829f20_0 .net *"_s428", 0 0, L_000000000181d730;  1 drivers
v0000000001828760_0 .net *"_s430", 0 0, L_000000000181d7a0;  1 drivers
v0000000001827a40_0 .net *"_s433", 0 0, L_0000000001832af0;  1 drivers
v0000000001829b60_0 .net *"_s434", 0 0, L_000000000181cd20;  1 drivers
v0000000001829c00_0 .net *"_s437", 0 0, L_0000000001834670;  1 drivers
v0000000001827cc0_0 .net *"_s438", 0 0, L_000000000181d880;  1 drivers
v0000000001827d60_0 .net *"_s443", 0 0, L_0000000001832c30;  1 drivers
v0000000001827f40_0 .net *"_s445", 0 0, L_0000000001832b90;  1 drivers
v0000000001828620_0 .net *"_s446", 0 0, L_000000000181c4d0;  1 drivers
v0000000001828a80_0 .net *"_s449", 0 0, L_0000000001834cb0;  1 drivers
v0000000001829ca0_0 .net *"_s45", 0 0, L_0000000001831a10;  1 drivers
v0000000001829200_0 .net *"_s450", 0 0, L_000000000181d8f0;  1 drivers
v0000000001829980_0 .net *"_s452", 0 0, L_000000000181d960;  1 drivers
v0000000001827ea0_0 .net *"_s455", 0 0, L_0000000001832d70;  1 drivers
v0000000001828260_0 .net *"_s456", 0 0, L_000000000181d9d0;  1 drivers
v00000000018298e0_0 .net *"_s458", 0 0, L_000000000181dab0;  1 drivers
v00000000018281c0_0 .net *"_s46", 0 0, L_0000000001776b60;  1 drivers
v00000000018297a0_0 .net *"_s461", 0 0, L_0000000001832ff0;  1 drivers
v0000000001829de0_0 .net *"_s462", 0 0, L_000000000181bf20;  1 drivers
v0000000001828da0_0 .net *"_s464", 0 0, L_000000000181bf90;  1 drivers
v0000000001827ae0_0 .net *"_s467", 0 0, L_0000000001833450;  1 drivers
v0000000001829700_0 .net *"_s468", 0 0, L_000000000181c700;  1 drivers
v0000000001829520_0 .net *"_s471", 0 0, L_0000000001834d50;  1 drivers
v00000000018293e0_0 .net *"_s475", 0 0, L_0000000001833590;  1 drivers
v0000000001828080_0 .net *"_s476", 0 0, L_000000000181ddc0;  1 drivers
v0000000001828ee0_0 .net *"_s478", 0 0, L_000000000181dc00;  1 drivers
v0000000001829e80_0 .net *"_s48", 0 0, L_00000000017773b0;  1 drivers
v00000000018295c0_0 .net *"_s481", 0 0, L_0000000001833630;  1 drivers
v00000000018290c0_0 .net *"_s482", 0 0, L_000000000181dc70;  1 drivers
v0000000001827e00_0 .net *"_s484", 0 0, L_000000000181db20;  1 drivers
v0000000001827b80_0 .net *"_s487", 0 0, L_0000000001834710;  1 drivers
v0000000001829840_0 .net *"_s488", 0 0, L_000000000181db90;  1 drivers
v00000000018284e0_0 .net *"_s493", 0 0, L_0000000001833770;  1 drivers
v0000000001829a20_0 .net *"_s495", 0 0, L_00000000018338b0;  1 drivers
v0000000001827fe0_0 .net *"_s496", 0 0, L_000000000181dd50;  1 drivers
v0000000001827c20_0 .net *"_s499", 0 0, L_0000000001833950;  1 drivers
v0000000001828440_0 .net *"_s5", 0 0, L_0000000001830b10;  1 drivers
v0000000001829ac0_0 .net *"_s500", 0 0, L_000000000181de30;  1 drivers
v0000000001829160_0 .net *"_s502", 0 0, L_00000000018a0d80;  1 drivers
v0000000001828300_0 .net *"_s505", 0 0, L_00000000018372d0;  1 drivers
v0000000001828e40_0 .net *"_s506", 0 0, L_00000000018a1790;  1 drivers
v0000000001829340_0 .net *"_s509", 0 0, L_0000000001837050;  1 drivers
v0000000001828f80_0 .net *"_s51", 0 0, L_0000000001831830;  1 drivers
v0000000001828bc0_0 .net *"_s510", 0 0, L_00000000018a0ed0;  1 drivers
v0000000001829480_0 .net *"_s513", 0 0, L_0000000001835a70;  1 drivers
v0000000001828b20_0 .net *"_s514", 0 0, L_00000000018a0f40;  1 drivers
v0000000001829660_0 .net *"_s517", 0 0, L_0000000001835c50;  1 drivers
v0000000001828580_0 .net *"_s52", 0 0, L_0000000001776620;  1 drivers
v0000000001827900_0 .net *"_s521", 0 0, L_0000000001836150;  1 drivers
v0000000001829d40_0 .net *"_s522", 0 0, L_00000000018a0fb0;  1 drivers
v00000000018286c0_0 .net *"_s525", 0 0, L_0000000001837190;  1 drivers
v0000000001828800_0 .net *"_s526", 0 0, L_00000000018a1a30;  1 drivers
v0000000001829fc0_0 .net *"_s529", 0 0, L_0000000001836bf0;  1 drivers
v0000000001828c60_0 .net *"_s530", 0 0, L_00000000018a1800;  1 drivers
v00000000018288a0_0 .net *"_s533", 0 0, L_00000000018356b0;  1 drivers
v000000000182a060_0 .net *"_s534", 0 0, L_00000000018a1b10;  1 drivers
v00000000018279a0_0 .net *"_s536", 0 0, L_00000000018a03e0;  1 drivers
v0000000001828940_0 .net *"_s539", 0 0, L_0000000001835610;  1 drivers
v00000000018289e0_0 .net *"_s54", 0 0, L_0000000001776230;  1 drivers
v0000000001828d00_0 .net *"_s540", 0 0, L_00000000018a1bf0;  1 drivers
v0000000001829020_0 .net *"_s543", 0 0, L_0000000001837870;  1 drivers
v00000000018292a0_0 .net *"_s544", 0 0, L_00000000018a1b80;  1 drivers
v000000000182a380_0 .net *"_s547", 0 0, L_0000000001836290;  1 drivers
L_00000000018484b8 .functor BUFT 1, C4<0010111>, C4<0>, C4<0>, C4<0>;
v000000000182bbe0_0 .net/2u *"_s550", 6 0, L_00000000018484b8;  1 drivers
v000000000182ad80_0 .net *"_s555", 0 0, L_0000000001836a10;  1 drivers
v000000000182ab00_0 .net *"_s556", 0 0, L_00000000018a1250;  1 drivers
v000000000182c5e0_0 .net *"_s558", 0 0, L_00000000018a05a0;  1 drivers
v000000000182c4a0_0 .net *"_s561", 0 0, L_0000000001836b50;  1 drivers
v000000000182b000_0 .net *"_s562", 0 0, L_00000000018a0140;  1 drivers
v000000000182b780_0 .net *"_s564", 0 0, L_00000000018a0840;  1 drivers
v000000000182ace0_0 .net *"_s567", 0 0, L_0000000001836330;  1 drivers
v000000000182aba0_0 .net *"_s568", 0 0, L_00000000018a1aa0;  1 drivers
v000000000182c860_0 .net *"_s57", 0 0, L_0000000001832230;  1 drivers
v000000000182bfa0_0 .net *"_s570", 0 0, L_00000000018a1020;  1 drivers
v000000000182b500_0 .net *"_s573", 0 0, L_0000000001835750;  1 drivers
v000000000182b960_0 .net *"_s574", 0 0, L_00000000018a11e0;  1 drivers
v000000000182b1e0_0 .net *"_s576", 0 0, L_00000000018a0610;  1 drivers
v000000000182b280_0 .net *"_s579", 0 0, L_00000000018370f0;  1 drivers
v000000000182a4c0_0 .net *"_s58", 0 0, L_00000000017777a0;  1 drivers
v000000000182b820_0 .net *"_s580", 0 0, L_00000000018a1870;  1 drivers
v000000000182a740_0 .net *"_s582", 0 0, L_00000000018a1090;  1 drivers
v000000000182a9c0_0 .net *"_s585", 0 0, L_0000000001836d30;  1 drivers
v000000000182b460_0 .net *"_s586", 0 0, L_00000000018a0220;  1 drivers
v000000000182aec0_0 .net *"_s588", 0 0, L_00000000018a1100;  1 drivers
v000000000182a2e0_0 .net *"_s591", 0 0, L_0000000001837230;  1 drivers
v000000000182a920_0 .net *"_s592", 0 0, L_00000000018a0290;  1 drivers
v000000000182ac40_0 .net *"_s594", 0 0, L_00000000018a1410;  1 drivers
v000000000182c720_0 .net *"_s597", 0 0, L_00000000018361f0;  1 drivers
v000000000182af60_0 .net *"_s598", 0 0, L_00000000018a1480;  1 drivers
v000000000182a240_0 .net *"_s6", 0 0, L_00000000017761c0;  1 drivers
v000000000182c360_0 .net *"_s60", 0 0, L_0000000001776380;  1 drivers
v000000000182c400_0 .net *"_s601", 0 0, L_00000000018374b0;  1 drivers
v000000000182a560_0 .net *"_s602", 0 0, L_00000000018a18e0;  1 drivers
v000000000182a600_0 .net *"_s604", 0 0, L_00000000018a0300;  1 drivers
v000000000182a7e0_0 .net *"_s607", 0 0, L_00000000018375f0;  1 drivers
v000000000182ae20_0 .net *"_s611", 0 0, L_0000000001836fb0;  1 drivers
v000000000182b320_0 .net *"_s612", 0 0, L_00000000018a1170;  1 drivers
v000000000182c540_0 .net *"_s614", 0 0, L_00000000018a12c0;  1 drivers
v000000000182ba00_0 .net *"_s617", 0 0, L_0000000001836010;  1 drivers
v000000000182c180_0 .net *"_s618", 0 0, L_00000000018a0df0;  1 drivers
v000000000182a6a0_0 .net *"_s620", 0 0, L_00000000018a1330;  1 drivers
v000000000182aa60_0 .net *"_s623", 0 0, L_00000000018357f0;  1 drivers
v000000000182c0e0_0 .net *"_s624", 0 0, L_00000000018a0370;  1 drivers
v000000000182b0a0_0 .net *"_s626", 0 0, L_00000000018a13a0;  1 drivers
v000000000182c040_0 .net *"_s629", 0 0, L_0000000001836ab0;  1 drivers
v000000000182c680_0 .net *"_s63", 0 0, L_0000000001830e30;  1 drivers
v000000000182b5a0_0 .net *"_s630", 0 0, L_00000000018a14f0;  1 drivers
v000000000182a420_0 .net *"_s632", 0 0, L_00000000018a1720;  1 drivers
v000000000182bf00_0 .net *"_s635", 0 0, L_0000000001835890;  1 drivers
v000000000182bd20_0 .net *"_s636", 0 0, L_00000000018a0b50;  1 drivers
v000000000182bc80_0 .net *"_s638", 0 0, L_00000000018a0450;  1 drivers
v000000000182a880_0 .net *"_s64", 0 0, L_0000000001777ab0;  1 drivers
v000000000182b6e0_0 .net *"_s641", 0 0, L_0000000001837410;  1 drivers
v000000000182c7c0_0 .net *"_s642", 0 0, L_00000000018a1560;  1 drivers
v000000000182bdc0_0 .net *"_s644", 0 0, L_00000000018a04c0;  1 drivers
v000000000182b8c0_0 .net *"_s647", 0 0, L_00000000018363d0;  1 drivers
v000000000182b140_0 .net *"_s648", 0 0, L_00000000018a0c30;  1 drivers
v000000000182b3c0_0 .net *"_s650", 0 0, L_00000000018a0760;  1 drivers
v000000000182c220_0 .net *"_s653", 0 0, L_0000000001837370;  1 drivers
v000000000182b640_0 .net *"_s654", 0 0, L_00000000018a15d0;  1 drivers
v000000000182c2c0_0 .net *"_s656", 0 0, L_00000000018a08b0;  1 drivers
v000000000182baa0_0 .net *"_s659", 0 0, L_0000000001835b10;  1 drivers
v000000000182bb40_0 .net *"_s66", 0 0, L_0000000001777420;  1 drivers
v000000000182be60_0 .net *"_s660", 0 0, L_00000000018a16b0;  1 drivers
v000000000182a100_0 .net *"_s662", 0 0, L_00000000018a1640;  1 drivers
v000000000182a1a0_0 .net *"_s665", 0 0, L_0000000001836470;  1 drivers
v000000000182ca40_0 .net *"_s669", 0 0, L_00000000018368d0;  1 drivers
v000000000182de40_0 .net *"_s670", 0 0, L_00000000018a1c60;  1 drivers
v000000000182e340_0 .net *"_s672", 0 0, L_00000000018a07d0;  1 drivers
v000000000182dda0_0 .net *"_s675", 0 0, L_0000000001835d90;  1 drivers
v000000000182dbc0_0 .net *"_s676", 0 0, L_00000000018a1cd0;  1 drivers
v000000000182e480_0 .net *"_s678", 0 0, L_00000000018a01b0;  1 drivers
v000000000182da80_0 .net *"_s681", 0 0, L_0000000001835390;  1 drivers
v000000000182e520_0 .net *"_s682", 0 0, L_00000000018a0680;  1 drivers
v000000000182d580_0 .net *"_s684", 0 0, L_00000000018a06f0;  1 drivers
v000000000182eb60_0 .net *"_s687", 0 0, L_0000000001836dd0;  1 drivers
v000000000182dc60_0 .net *"_s688", 0 0, L_00000000018a0920;  1 drivers
v000000000182ede0_0 .net *"_s69", 0 0, L_0000000001832410;  1 drivers
v000000000182cb80_0 .net *"_s690", 0 0, L_00000000018a0a00;  1 drivers
v000000000182d1c0_0 .net *"_s693", 0 0, L_0000000001835bb0;  1 drivers
v000000000182e5c0_0 .net *"_s694", 0 0, L_00000000018a0a70;  1 drivers
v000000000182e020_0 .net *"_s696", 0 0, L_00000000018a0ae0;  1 drivers
v000000000182d6c0_0 .net *"_s699", 0 0, L_0000000001835430;  1 drivers
v000000000182dee0_0 .net *"_s70", 0 0, L_0000000001776fc0;  1 drivers
v000000000182d4e0_0 .net *"_s700", 0 0, L_00000000018a0bc0;  1 drivers
v000000000182ec00_0 .net *"_s702", 0 0, L_00000000018a0ca0;  1 drivers
v000000000182cc20_0 .net *"_s705", 0 0, L_0000000001836e70;  1 drivers
v000000000182d260_0 .net *"_s706", 0 0, L_00000000018a0d10;  1 drivers
v000000000182d620_0 .net *"_s708", 0 0, L_00000000018a0e60;  1 drivers
v000000000182cea0_0 .net *"_s711", 0 0, L_00000000018360b0;  1 drivers
v000000000182d120_0 .net *"_s712", 0 0, L_00000000018a2980;  1 drivers
v000000000182ccc0_0 .net *"_s714", 0 0, L_00000000018a2bb0;  1 drivers
v000000000182df80_0 .net *"_s717", 0 0, L_0000000001835930;  1 drivers
v000000000182e660_0 .net *"_s718", 0 0, L_00000000018a1f70;  1 drivers
v000000000182cf40_0 .net *"_s72", 0 0, L_0000000001777810;  1 drivers
v000000000182db20_0 .net *"_s720", 0 0, L_00000000018a2ad0;  1 drivers
v000000000182eac0_0 .net *"_s723", 0 0, L_0000000001836f10;  1 drivers
v000000000182d8a0_0 .net *"_s727", 0 0, L_0000000001835cf0;  1 drivers
v000000000182d760_0 .net *"_s728", 0 0, L_00000000018a2910;  1 drivers
v000000000182dd00_0 .net *"_s730", 0 0, L_00000000018a2750;  1 drivers
v000000000182e3e0_0 .net *"_s733", 0 0, L_00000000018354d0;  1 drivers
v000000000182e200_0 .net *"_s734", 0 0, L_00000000018a3550;  1 drivers
v000000000182cd60_0 .net *"_s736", 0 0, L_00000000018a3390;  1 drivers
v000000000182cfe0_0 .net *"_s739", 0 0, L_0000000001835570;  1 drivers
v000000000182e0c0_0 .net *"_s740", 0 0, L_00000000018a3010;  1 drivers
v000000000182d300_0 .net *"_s742", 0 0, L_00000000018a2670;  1 drivers
v000000000182d3a0_0 .net *"_s745", 0 0, L_00000000018359d0;  1 drivers
v000000000182d800_0 .net *"_s746", 0 0, L_00000000018a2a60;  1 drivers
v000000000182e160_0 .net *"_s748", 0 0, L_00000000018a3320;  1 drivers
v000000000182e2a0_0 .net *"_s75", 0 0, L_00000000018315b0;  1 drivers
v000000000182e700_0 .net *"_s751", 0 0, L_0000000001837690;  1 drivers
v000000000182ce00_0 .net *"_s752", 0 0, L_00000000018a23d0;  1 drivers
v000000000182d080_0 .net *"_s754", 0 0, L_00000000018a2360;  1 drivers
v000000000182d440_0 .net *"_s757", 0 0, L_0000000001837550;  1 drivers
v000000000182e840_0 .net *"_s758", 0 0, L_00000000018a2440;  1 drivers
v000000000182e7a0_0 .net *"_s76", 0 0, L_00000000017778f0;  1 drivers
v000000000182d940_0 .net *"_s760", 0 0, L_00000000018a2c90;  1 drivers
v000000000182efc0_0 .net *"_s763", 0 0, L_0000000001837730;  1 drivers
v000000000182c9a0_0 .net *"_s764", 0 0, L_00000000018a35c0;  1 drivers
v000000000182d9e0_0 .net *"_s766", 0 0, L_00000000018a2280;  1 drivers
v000000000182cae0_0 .net *"_s769", 0 0, L_0000000001835e30;  1 drivers
v000000000182e8e0_0 .net *"_s770", 0 0, L_00000000018a2d00;  1 drivers
v000000000182eca0_0 .net *"_s772", 0 0, L_00000000018a22f0;  1 drivers
v000000000182e980_0 .net *"_s775", 0 0, L_0000000001836970;  1 drivers
v000000000182ea20_0 .net *"_s776", 0 0, L_00000000018a29f0;  1 drivers
v000000000182ed40_0 .net *"_s779", 0 0, L_00000000018377d0;  1 drivers
v000000000182ee80_0 .net *"_s78", 0 0, L_00000000017763f0;  1 drivers
v000000000182ef20_0 .net *"_s780", 0 0, L_00000000018a2b40;  1 drivers
v000000000182f060_0 .net *"_s785", 0 0, L_0000000001835ed0;  1 drivers
v000000000182c900_0 .net *"_s786", 0 0, L_00000000018a2d70;  1 drivers
v000000000182f6a0_0 .net *"_s789", 0 0, L_0000000001835f70;  1 drivers
v000000000182f920_0 .net *"_s790", 0 0, L_00000000018a38d0;  1 drivers
v000000000182f560_0 .net *"_s792", 0 0, L_00000000018a2e50;  1 drivers
v000000000182f4c0_0 .net *"_s795", 0 0, L_0000000001836510;  1 drivers
v000000000182ff60_0 .net *"_s796", 0 0, L_00000000018a2830;  1 drivers
v000000000182fc40_0 .net *"_s799", 0 0, L_0000000001835110;  1 drivers
v000000000182f880_0 .net *"_s800", 0 0, L_00000000018a2de0;  1 drivers
v000000000182f9c0_0 .net *"_s802", 0 0, L_00000000018a3400;  1 drivers
v000000000182f740_0 .net *"_s805", 0 0, L_0000000001835250;  1 drivers
v000000000182f7e0_0 .net *"_s806", 0 0, L_00000000018a1f00;  1 drivers
v000000000182f240_0 .net *"_s809", 0 0, L_00000000018365b0;  1 drivers
v000000000182fa60_0 .net *"_s81", 0 0, L_0000000001831650;  1 drivers
v000000000182f2e0_0 .net *"_s810", 0 0, L_00000000018a1fe0;  1 drivers
v000000000182f420_0 .net *"_s812", 0 0, L_00000000018a3710;  1 drivers
v000000000182fb00_0 .net *"_s815", 0 0, L_00000000018351b0;  1 drivers
v000000000182f600_0 .net *"_s816", 0 0, L_00000000018a2590;  1 drivers
v000000000182f1a0_0 .net *"_s818", 0 0, L_00000000018a3240;  1 drivers
v000000000182fba0_0 .net *"_s82", 0 0, L_0000000001776540;  1 drivers
v000000000182fce0_0 .net *"_s821", 0 0, L_0000000001836650;  1 drivers
v000000000182f100_0 .net *"_s822", 0 0, L_00000000018a24b0;  1 drivers
v000000000182fd80_0 .net *"_s824", 0 0, L_00000000018a2130;  1 drivers
v000000000182f380_0 .net *"_s827", 0 0, L_00000000018352f0;  1 drivers
v000000000182fe20_0 .net *"_s828", 0 0, L_00000000018a31d0;  1 drivers
v000000000182fec0_0 .net *"_s830", 0 0, L_00000000018a20c0;  1 drivers
v00000000018204c0_0 .net *"_s833", 0 0, L_00000000018366f0;  1 drivers
v0000000001820560_0 .net *"_s834", 0 0, L_00000000018a1d40;  1 drivers
v0000000001820740_0 .net *"_s839", 0 0, L_0000000001836790;  1 drivers
v0000000001820e20_0 .net *"_s84", 0 0, L_00000000017770a0;  1 drivers
v0000000001821280_0 .net *"_s840", 0 0, L_00000000018a1e20;  1 drivers
v0000000001822360_0 .net *"_s842", 0 0, L_00000000018a3080;  1 drivers
v0000000001821320_0 .net *"_s845", 0 0, L_0000000001836830;  1 drivers
v0000000001821780_0 .net *"_s846", 0 0, L_00000000018a2f30;  1 drivers
v0000000001821140_0 .net *"_s848", 0 0, L_00000000018a2fa0;  1 drivers
v0000000001821b40_0 .net *"_s851", 0 0, L_00000000018ad120;  1 drivers
v00000000018213c0_0 .net *"_s852", 0 0, L_00000000018a2050;  1 drivers
v0000000001821460_0 .net *"_s854", 0 0, L_00000000018a21a0;  1 drivers
v0000000001821500_0 .net *"_s857", 0 0, L_00000000018ad1c0;  1 drivers
v00000000018211e0_0 .net *"_s858", 0 0, L_00000000018a30f0;  1 drivers
v0000000001822860_0 .net *"_s860", 0 0, L_00000000018a3160;  1 drivers
v0000000001820600_0 .net *"_s863", 0 0, L_00000000018af060;  1 drivers
v00000000018215a0_0 .net *"_s864", 0 0, L_00000000018a3630;  1 drivers
v0000000001820c40_0 .net *"_s866", 0 0, L_00000000018a32b0;  1 drivers
v00000000018225e0_0 .net *"_s869", 0 0, L_00000000018ae660;  1 drivers
v0000000001820100_0 .net *"_s87", 0 0, L_0000000001830110;  1 drivers
v0000000001820420_0 .net *"_s870", 0 0, L_00000000018a2210;  1 drivers
v00000000018202e0_0 .net *"_s872", 0 0, L_00000000018a2520;  1 drivers
v00000000018220e0_0 .net *"_s875", 0 0, L_00000000018ad260;  1 drivers
v0000000001820240_0 .net *"_s876", 0 0, L_00000000018a2600;  1 drivers
v0000000001821640_0 .net *"_s878", 0 0, L_00000000018a26e0;  1 drivers
v00000000018216e0_0 .net *"_s88", 0 0, L_0000000001777490;  1 drivers
v0000000001821aa0_0 .net *"_s881", 0 0, L_00000000018ad300;  1 drivers
v0000000001820ba0_0 .net *"_s882", 0 0, L_00000000018a27c0;  1 drivers
v0000000001822180_0 .net *"_s885", 0 0, L_00000000018ad3a0;  1 drivers
v0000000001820d80_0 .net *"_s886", 0 0, L_00000000018a28a0;  1 drivers
v0000000001822220_0 .net *"_s888", 0 0, L_00000000018a3470;  1 drivers
v00000000018206a0_0 .net *"_s891", 0 0, L_00000000018ad8a0;  1 drivers
v0000000001820ce0_0 .net *"_s895", 0 0, L_00000000018aeb60;  1 drivers
v0000000001821c80_0 .net *"_s896", 0 0, L_00000000018a36a0;  1 drivers
v0000000001820380_0 .net *"_s898", 0 0, L_00000000018a37f0;  1 drivers
v0000000001821820_0 .net *"_s9", 0 0, L_0000000001831510;  1 drivers
v0000000001820ec0_0 .net *"_s901", 0 0, L_00000000018ae7a0;  1 drivers
v0000000001821be0_0 .net *"_s902", 0 0, L_00000000018a3780;  1 drivers
v0000000001820920_0 .net *"_s905", 0 0, L_00000000018ae160;  1 drivers
v00000000018222c0_0 .net *"_s906", 0 0, L_00000000018a1db0;  1 drivers
v00000000018207e0_0 .net *"_s908", 0 0, L_00000000018a3860;  1 drivers
v0000000001821d20_0 .net *"_s911", 0 0, L_00000000018ae700;  1 drivers
v00000000018218c0_0 .net *"_s912", 0 0, L_00000000018a3c50;  1 drivers
v0000000001822400_0 .net *"_s914", 0 0, L_00000000018a3cc0;  1 drivers
v0000000001821960_0 .net *"_s917", 0 0, L_00000000018ad440;  1 drivers
v0000000001821fa0_0 .net *"_s918", 0 0, L_00000000018a3940;  1 drivers
v0000000001822680_0 .net *"_s920", 0 0, L_00000000018a3be0;  1 drivers
v00000000018224a0_0 .net *"_s923", 0 0, L_00000000018af6a0;  1 drivers
v0000000001822720_0 .net *"_s924", 0 0, L_00000000018a3fd0;  1 drivers
v0000000001820a60_0 .net *"_s926", 0 0, L_00000000018a39b0;  1 drivers
v0000000001821a00_0 .net *"_s929", 0 0, L_00000000018ae200;  1 drivers
v0000000001821dc0_0 .net *"_s93", 0 0, L_0000000001830ed0;  1 drivers
v0000000001821000_0 .net *"_s930", 0 0, L_00000000018a4040;  1 drivers
v00000000018210a0_0 .net *"_s932", 0 0, L_00000000018a3e80;  1 drivers
v0000000001821e60_0 .net *"_s935", 0 0, L_00000000018ae840;  1 drivers
v00000000018209c0_0 .net *"_s936", 0 0, L_00000000018a3a20;  1 drivers
v0000000001821f00_0 .net *"_s939", 0 0, L_00000000018ad580;  1 drivers
v0000000001820880_0 .net *"_s94", 0 0, L_0000000001776d20;  1 drivers
v0000000001820f60_0 .net *"_s940", 0 0, L_00000000018a3a90;  1 drivers
v0000000001820b00_0 .net *"_s942", 0 0, L_00000000018a3b00;  1 drivers
v0000000001822040_0 .net *"_s945", 0 0, L_00000000018ad6c0;  1 drivers
v0000000001822540_0 .net *"_s949", 0 0, L_00000000018aea20;  1 drivers
v00000000018227c0_0 .net *"_s950", 0 0, L_00000000018a3da0;  1 drivers
v00000000018201a0_0 .net *"_s953", 0 0, L_00000000018af100;  1 drivers
v00000000018238a0_0 .net *"_s954", 0 0, L_00000000018a3f60;  1 drivers
v0000000001822c20_0 .net *"_s956", 0 0, L_00000000018a3d30;  1 drivers
v0000000001824fc0_0 .net *"_s959", 0 0, L_00000000018af380;  1 drivers
v00000000018248e0_0 .net *"_s96", 0 0, L_0000000001776150;  1 drivers
v0000000001823760_0 .net *"_s960", 0 0, L_00000000018a3e10;  1 drivers
v0000000001824c00_0 .net *"_s965", 0 0, L_00000000018af560;  1 drivers
v0000000001823ee0_0 .net *"_s966", 0 0, L_00000000018bf6f0;  1 drivers
v0000000001823940_0 .net *"_s968", 0 0, L_00000000018bf300;  1 drivers
v0000000001824ca0_0 .net *"_s971", 0 0, L_00000000018ae340;  1 drivers
v0000000001823bc0_0 .net *"_s972", 0 0, L_00000000018bfd80;  1 drivers
v0000000001824b60_0 .net *"_s974", 0 0, L_00000000018bf760;  1 drivers
v0000000001823c60_0 .net *"_s977", 0 0, L_00000000018ad4e0;  1 drivers
v0000000001824de0_0 .net *"_s978", 0 0, L_00000000018bfbc0;  1 drivers
v0000000001822b80_0 .net *"_s980", 0 0, L_00000000018bf0d0;  1 drivers
v00000000018231c0_0 .net *"_s983", 0 0, L_00000000018ae0c0;  1 drivers
v00000000018245c0_0 .net *"_s984", 0 0, L_00000000018bf610;  1 drivers
v0000000001824020_0 .net *"_s986", 0 0, L_00000000018bfe60;  1 drivers
v00000000018236c0_0 .net *"_s989", 0 0, L_00000000018adc60;  1 drivers
v0000000001823da0_0 .net *"_s99", 0 0, L_00000000018322d0;  1 drivers
v00000000018234e0_0 .net *"_s990", 0 0, L_00000000018bf3e0;  1 drivers
v0000000001824d40_0 .net *"_s992", 0 0, L_00000000018beff0;  1 drivers
v0000000001822cc0_0 .net *"_s995", 0 0, L_00000000018ad620;  1 drivers
v0000000001823260_0 .net *"_s996", 0 0, L_00000000018c0800;  1 drivers
v0000000001823580_0 .net *"_s998", 0 0, L_00000000018c04f0;  1 drivers
v0000000001822ea0_0 .net "i_add", 0 0, L_0000000001777030;  1 drivers
v0000000001824e80_0 .net "i_addi", 0 0, L_000000000181c0e0;  1 drivers
v0000000001824a20_0 .net "i_and", 0 0, L_000000000181d570;  1 drivers
v0000000001822d60_0 .net "i_auipc", 0 0, L_0000000001836c90;  1 drivers
v00000000018240c0_0 .net "i_beq", 0 0, L_000000000181dce0;  1 drivers
v0000000001825060_0 .net "i_bgeu", 0 0, L_00000000018bef80;  1 drivers
v00000000018239e0_0 .net "i_blt", 0 0, L_00000000018bf450;  1 drivers
v0000000001822e00_0 .net "i_bltu", 0 0, L_00000000018bfb50;  1 drivers
v0000000001823f80_0 .net "i_bne", 0 0, L_00000000018bece0;  1 drivers
v0000000001823120_0 .net "i_jal", 0 0, L_00000000018a19c0;  1 drivers
v0000000001822f40_0 .net "i_jalr", 0 0, L_000000000181d0a0;  1 drivers
v0000000001822fe0_0 .net "i_lb", 0 0, L_00000000018c05d0;  1 drivers
v0000000001823080_0 .net "i_lbu", 0 0, L_00000000018bfc30;  1 drivers
v0000000001823d00_0 .net "i_lh", 0 0, L_00000000018bffb0;  1 drivers
v0000000001823300_0 .net "i_lhu", 0 0, L_00000000018bf1b0;  1 drivers
v0000000001822a40_0 .net "i_lw", 0 0, L_00000000018bf5a0;  1 drivers
v0000000001822ae0_0 .net "i_or", 0 0, L_0000000001737c40;  1 drivers
v0000000001824840_0 .net "i_ori", 0 0, L_000000000181cbd0;  1 drivers
v0000000001823620_0 .net "i_sb", 0 0, L_00000000018c0410;  1 drivers
v00000000018233a0_0 .net "i_sh", 0 0, L_00000000018bf680;  1 drivers
v0000000001823a80_0 .net "i_sll", 0 0, L_00000000018a2c20;  1 drivers
v0000000001823440_0 .net "i_slli", 0 0, L_00000000018a0530;  1 drivers
v0000000001823800_0 .net "i_slt", 0 0, L_00000000018a34e0;  1 drivers
v0000000001822900_0 .net "i_slti", 0 0, L_00000000018c0330;  1 drivers
v0000000001823b20_0 .net "i_sltiu", 0 0, L_00000000018bfed0;  1 drivers
v0000000001824f20_0 .net "i_sltu", 0 0, L_00000000018bf370;  1 drivers
v0000000001823e40_0 .net "i_sra", 0 0, L_00000000018a3b70;  1 drivers
v0000000001824980_0 .net "i_srai", 0 0, L_00000000018a2ec0;  1 drivers
v0000000001824160_0 .net "i_srl", 0 0, L_00000000018a1e90;  1 drivers
v00000000018242a0_0 .net "i_srli", 0 0, L_00000000018a1950;  1 drivers
v00000000018229a0_0 .net "i_sub", 0 0, L_0000000001776e70;  1 drivers
v0000000001824200_0 .net "i_sw", 0 0, L_000000000181c690;  1 drivers
v0000000001824340_0 .net "i_xor", 0 0, L_00000000018bec70;  1 drivers
v00000000018243e0_0 .net "i_xori", 0 0, L_00000000018a3ef0;  1 drivers
v0000000001824480_0 .net "itype_l", 0 0, L_000000000181d180;  1 drivers
v0000000001824520_0 .net "itype_r", 0 0, L_000000000181d110;  1 drivers
v0000000001824660_0 .net "rtype", 0 0, L_00000000017772d0;  1 drivers
v0000000001824700_0 .net "sbtype", 0 0, L_000000000181c7e0;  1 drivers
v0000000001824ac0_0 .net "stype", 0 0, L_000000000181d6c0;  1 drivers
v00000000018247a0_0 .net "utype", 0 0, L_00000000018a0990;  1 drivers
L_0000000001830430 .part L_00000000018afc40, 6, 1;
L_0000000001830b10 .part L_00000000018afc40, 5, 1;
L_0000000001831510 .part L_00000000018afc40, 4, 1;
L_0000000001831790 .part L_00000000018afc40, 3, 1;
L_0000000001832190 .part L_00000000018afc40, 2, 1;
L_0000000001830a70 .part L_00000000018afc40, 1, 1;
L_0000000001830570 .part L_00000000018afc40, 0, 1;
L_0000000001830c50 .part L_00000000018afce0, 6, 1;
L_0000000001830d90 .part L_00000000018afce0, 5, 1;
L_0000000001831a10 .part L_00000000018afce0, 4, 1;
L_0000000001831830 .part L_00000000018afce0, 3, 1;
L_0000000001832230 .part L_00000000018afce0, 2, 1;
L_0000000001830e30 .part L_00000000018afce0, 1, 1;
L_0000000001832410 .part L_00000000018afce0, 0, 1;
L_00000000018315b0 .part L_00000000018b1b80, 2, 1;
L_0000000001831650 .part L_00000000018b1b80, 1, 1;
L_0000000001830110 .part L_00000000018b1b80, 0, 1;
L_0000000001830ed0 .part L_00000000018afce0, 6, 1;
L_00000000018322d0 .part L_00000000018afce0, 5, 1;
L_00000000018311f0 .part L_00000000018afce0, 4, 1;
L_00000000018324b0 .part L_00000000018afce0, 3, 1;
L_00000000018318d0 .part L_00000000018afce0, 2, 1;
L_0000000001832550 .part L_00000000018afce0, 1, 1;
L_0000000001832690 .part L_00000000018afce0, 0, 1;
L_0000000001831ab0 .part L_00000000018b1b80, 2, 1;
L_0000000001831b50 .part L_00000000018b1b80, 1, 1;
L_0000000001831c90 .part L_00000000018b1b80, 0, 1;
L_00000000018302f0 .part L_00000000018afce0, 6, 1;
L_0000000001831d30 .part L_00000000018afce0, 5, 1;
L_0000000001831dd0 .part L_00000000018afce0, 4, 1;
L_0000000001831fb0 .part L_00000000018afce0, 3, 1;
L_00000000018327d0 .part L_00000000018afce0, 2, 1;
L_00000000018301b0 .part L_00000000018afce0, 1, 1;
L_00000000018348f0 .part L_00000000018afce0, 0, 1;
L_0000000001834490 .part L_00000000018b1b80, 2, 1;
L_0000000001834b70 .part L_00000000018b1b80, 1, 1;
L_0000000001833130 .part L_00000000018b1b80, 0, 1;
L_0000000001834df0 .part L_00000000018afce0, 6, 1;
L_0000000001833e50 .part L_00000000018afce0, 5, 1;
L_00000000018347b0 .part L_00000000018afce0, 4, 1;
L_0000000001832e10 .part L_00000000018afce0, 3, 1;
L_0000000001833bd0 .part L_00000000018afce0, 2, 1;
L_00000000018343f0 .part L_00000000018afce0, 1, 1;
L_0000000001833ef0 .part L_00000000018afce0, 0, 1;
L_0000000001834850 .part L_00000000018b1b80, 2, 1;
L_0000000001834530 .part L_00000000018b1b80, 1, 1;
L_0000000001832eb0 .part L_00000000018b1b80, 0, 1;
L_0000000001833270 .part L_00000000018afc40, 6, 1;
L_0000000001834fd0 .part L_00000000018afc40, 5, 1;
L_0000000001833c70 .part L_00000000018afc40, 4, 1;
L_00000000018331d0 .part L_00000000018afc40, 3, 1;
L_0000000001834e90 .part L_00000000018afc40, 2, 1;
L_0000000001834170 .part L_00000000018afc40, 1, 1;
L_0000000001835070 .part L_00000000018afc40, 0, 1;
L_0000000001833d10 .part L_00000000018afc40, 6, 1;
L_0000000001833810 .part L_00000000018afc40, 5, 1;
L_0000000001832f50 .part L_00000000018afc40, 4, 1;
L_00000000018336d0 .part L_00000000018afc40, 3, 1;
L_00000000018333b0 .part L_00000000018afc40, 2, 1;
L_0000000001832910 .part L_00000000018afc40, 1, 1;
L_0000000001832cd0 .part L_00000000018afc40, 0, 1;
L_0000000001833f90 .part L_00000000018b1b80, 2, 1;
L_0000000001834210 .part L_00000000018b1b80, 1, 1;
L_0000000001833db0 .part L_00000000018b1b80, 0, 1;
L_0000000001834030 .part L_00000000018b1b80, 2, 1;
L_00000000018334f0 .part L_00000000018b1b80, 1, 1;
L_0000000001833090 .part L_00000000018b1b80, 0, 1;
L_0000000001833310 .part L_00000000018afc40, 6, 1;
L_00000000018340d0 .part L_00000000018afc40, 5, 1;
L_0000000001834990 .part L_00000000018afc40, 4, 1;
L_0000000001834f30 .part L_00000000018afc40, 3, 1;
L_0000000001834a30 .part L_00000000018afc40, 2, 1;
L_00000000018342b0 .part L_00000000018afc40, 1, 1;
L_0000000001834350 .part L_00000000018afc40, 0, 1;
L_0000000001833a90 .part L_00000000018afc40, 6, 1;
L_00000000018329b0 .part L_00000000018afc40, 5, 1;
L_00000000018345d0 .part L_00000000018afc40, 4, 1;
L_0000000001834ad0 .part L_00000000018afc40, 3, 1;
L_00000000018339f0 .part L_00000000018afc40, 2, 1;
L_0000000001833b30 .part L_00000000018afc40, 1, 1;
L_0000000001832a50 .part L_00000000018afc40, 0, 1;
L_0000000001834c10 .part L_00000000018b1b80, 2, 1;
L_0000000001832af0 .part L_00000000018b1b80, 1, 1;
L_0000000001834670 .part L_00000000018b1b80, 0, 1;
L_0000000001832c30 .part L_00000000018afc40, 6, 1;
L_0000000001832b90 .part L_00000000018afc40, 5, 1;
L_0000000001834cb0 .part L_00000000018afc40, 4, 1;
L_0000000001832d70 .part L_00000000018afc40, 3, 1;
L_0000000001832ff0 .part L_00000000018afc40, 2, 1;
L_0000000001833450 .part L_00000000018afc40, 1, 1;
L_0000000001834d50 .part L_00000000018afc40, 0, 1;
L_0000000001833590 .part L_00000000018b1b80, 2, 1;
L_0000000001833630 .part L_00000000018b1b80, 1, 1;
L_0000000001834710 .part L_00000000018b1b80, 0, 1;
L_0000000001833770 .part L_00000000018afc40, 6, 1;
L_00000000018338b0 .part L_00000000018afc40, 5, 1;
L_0000000001833950 .part L_00000000018afc40, 4, 1;
L_00000000018372d0 .part L_00000000018afc40, 3, 1;
L_0000000001837050 .part L_00000000018afc40, 2, 1;
L_0000000001835a70 .part L_00000000018afc40, 1, 1;
L_0000000001835c50 .part L_00000000018afc40, 0, 1;
L_0000000001836150 .part L_00000000018afc40, 6, 1;
L_0000000001837190 .part L_00000000018afc40, 5, 1;
L_0000000001836bf0 .part L_00000000018afc40, 4, 1;
L_00000000018356b0 .part L_00000000018afc40, 3, 1;
L_0000000001835610 .part L_00000000018afc40, 2, 1;
L_0000000001837870 .part L_00000000018afc40, 1, 1;
L_0000000001836290 .part L_00000000018afc40, 0, 1;
L_0000000001836c90 .cmp/eq 7, L_00000000018afc40, L_00000000018484b8;
L_0000000001836a10 .part L_00000000018afce0, 6, 1;
L_0000000001836b50 .part L_00000000018afce0, 5, 1;
L_0000000001836330 .part L_00000000018afce0, 4, 1;
L_0000000001835750 .part L_00000000018afce0, 3, 1;
L_00000000018370f0 .part L_00000000018afce0, 2, 1;
L_0000000001836d30 .part L_00000000018afce0, 1, 1;
L_0000000001837230 .part L_00000000018afce0, 0, 1;
L_00000000018361f0 .part L_00000000018b1b80, 2, 1;
L_00000000018374b0 .part L_00000000018b1b80, 1, 1;
L_00000000018375f0 .part L_00000000018b1b80, 0, 1;
L_0000000001836fb0 .part L_00000000018afce0, 6, 1;
L_0000000001836010 .part L_00000000018afce0, 5, 1;
L_00000000018357f0 .part L_00000000018afce0, 4, 1;
L_0000000001836ab0 .part L_00000000018afce0, 3, 1;
L_0000000001835890 .part L_00000000018afce0, 2, 1;
L_0000000001837410 .part L_00000000018afce0, 1, 1;
L_00000000018363d0 .part L_00000000018afce0, 0, 1;
L_0000000001837370 .part L_00000000018b1b80, 2, 1;
L_0000000001835b10 .part L_00000000018b1b80, 1, 1;
L_0000000001836470 .part L_00000000018b1b80, 0, 1;
L_00000000018368d0 .part L_00000000018afce0, 6, 1;
L_0000000001835d90 .part L_00000000018afce0, 5, 1;
L_0000000001835390 .part L_00000000018afce0, 4, 1;
L_0000000001836dd0 .part L_00000000018afce0, 3, 1;
L_0000000001835bb0 .part L_00000000018afce0, 2, 1;
L_0000000001835430 .part L_00000000018afce0, 1, 1;
L_0000000001836e70 .part L_00000000018afce0, 0, 1;
L_00000000018360b0 .part L_00000000018b1b80, 2, 1;
L_0000000001835930 .part L_00000000018b1b80, 1, 1;
L_0000000001836f10 .part L_00000000018b1b80, 0, 1;
L_0000000001835cf0 .part L_00000000018afce0, 6, 1;
L_00000000018354d0 .part L_00000000018afce0, 5, 1;
L_0000000001835570 .part L_00000000018afce0, 4, 1;
L_00000000018359d0 .part L_00000000018afce0, 3, 1;
L_0000000001837690 .part L_00000000018afce0, 2, 1;
L_0000000001837550 .part L_00000000018afce0, 1, 1;
L_0000000001837730 .part L_00000000018afce0, 0, 1;
L_0000000001835e30 .part L_00000000018b1b80, 2, 1;
L_0000000001836970 .part L_00000000018b1b80, 1, 1;
L_00000000018377d0 .part L_00000000018b1b80, 0, 1;
L_0000000001835ed0 .part L_00000000018b1b80, 2, 1;
L_0000000001835f70 .part L_00000000018b1b80, 1, 1;
L_0000000001836510 .part L_00000000018b1b80, 0, 1;
L_0000000001835110 .part L_00000000018afce0, 6, 1;
L_0000000001835250 .part L_00000000018afce0, 5, 1;
L_00000000018365b0 .part L_00000000018afce0, 4, 1;
L_00000000018351b0 .part L_00000000018afce0, 3, 1;
L_0000000001836650 .part L_00000000018afce0, 2, 1;
L_00000000018352f0 .part L_00000000018afce0, 1, 1;
L_00000000018366f0 .part L_00000000018afce0, 0, 1;
L_0000000001836790 .part L_00000000018afce0, 6, 1;
L_0000000001836830 .part L_00000000018afce0, 5, 1;
L_00000000018ad120 .part L_00000000018afce0, 4, 1;
L_00000000018ad1c0 .part L_00000000018afce0, 3, 1;
L_00000000018af060 .part L_00000000018afce0, 2, 1;
L_00000000018ae660 .part L_00000000018afce0, 1, 1;
L_00000000018ad260 .part L_00000000018afce0, 0, 1;
L_00000000018ad300 .part L_00000000018b1b80, 2, 1;
L_00000000018ad3a0 .part L_00000000018b1b80, 1, 1;
L_00000000018ad8a0 .part L_00000000018b1b80, 0, 1;
L_00000000018aeb60 .part L_00000000018afce0, 6, 1;
L_00000000018ae7a0 .part L_00000000018afce0, 5, 1;
L_00000000018ae160 .part L_00000000018afce0, 4, 1;
L_00000000018ae700 .part L_00000000018afce0, 3, 1;
L_00000000018ad440 .part L_00000000018afce0, 2, 1;
L_00000000018af6a0 .part L_00000000018afce0, 1, 1;
L_00000000018ae200 .part L_00000000018afce0, 0, 1;
L_00000000018ae840 .part L_00000000018b1b80, 2, 1;
L_00000000018ad580 .part L_00000000018b1b80, 1, 1;
L_00000000018ad6c0 .part L_00000000018b1b80, 0, 1;
L_00000000018aea20 .part L_00000000018b1b80, 2, 1;
L_00000000018af100 .part L_00000000018b1b80, 1, 1;
L_00000000018af380 .part L_00000000018b1b80, 0, 1;
L_00000000018af560 .part L_00000000018afce0, 6, 1;
L_00000000018ae340 .part L_00000000018afce0, 5, 1;
L_00000000018ad4e0 .part L_00000000018afce0, 4, 1;
L_00000000018ae0c0 .part L_00000000018afce0, 3, 1;
L_00000000018adc60 .part L_00000000018afce0, 2, 1;
L_00000000018ad620 .part L_00000000018afce0, 1, 1;
L_00000000018aeac0 .part L_00000000018afce0, 0, 1;
L_00000000018af420 .part L_00000000018b1b80, 2, 1;
L_00000000018aefc0 .part L_00000000018b1b80, 1, 1;
L_00000000018ad940 .part L_00000000018b1b80, 0, 1;
L_00000000018ae520 .part L_00000000018afce0, 6, 1;
L_00000000018ad760 .part L_00000000018afce0, 5, 1;
L_00000000018af600 .part L_00000000018afce0, 4, 1;
L_00000000018af740 .part L_00000000018afce0, 3, 1;
L_00000000018ae020 .part L_00000000018afce0, 2, 1;
L_00000000018af1a0 .part L_00000000018afce0, 1, 1;
L_00000000018ae3e0 .part L_00000000018afce0, 0, 1;
L_00000000018af240 .part L_00000000018b1b80, 2, 1;
L_00000000018ad080 .part L_00000000018b1b80, 1, 1;
L_00000000018ad800 .part L_00000000018b1b80, 0, 1;
L_00000000018ad9e0 .part L_00000000018b1b80, 2, 1;
L_00000000018ae480 .part L_00000000018b1b80, 1, 1;
L_00000000018ada80 .part L_00000000018b1b80, 0, 1;
L_00000000018ae5c0 .part L_00000000018b1b80, 2, 1;
L_00000000018adb20 .part L_00000000018b1b80, 1, 1;
L_00000000018af2e0 .part L_00000000018b1b80, 0, 1;
L_00000000018add00 .cmp/eq 3, L_00000000018b1b80, L_0000000001848500;
L_00000000018af4c0 .cmp/eq 3, L_00000000018b1b80, L_0000000001848548;
L_00000000018ae8e0 .cmp/eq 3, L_00000000018b1b80, L_0000000001848590;
L_00000000018aec00 .cmp/eq 3, L_00000000018b1b80, L_00000000018485d8;
L_00000000018af7e0 .cmp/eq 3, L_00000000018b1b80, L_0000000001848620;
L_00000000018adf80 .cmp/eq 3, L_00000000018b1b80, L_0000000001848668;
L_00000000018adbc0 .cmp/eq 3, L_00000000018b1b80, L_00000000018486b0;
L_00000000018adda0 .cmp/eq 3, L_00000000018b1b80, L_00000000018486f8;
L_00000000018ade40 .cmp/eq 3, L_00000000018b1b80, L_0000000001848740;
L_00000000018ae980 .cmp/eq 3, L_00000000018b1b80, L_0000000001848788;
L_00000000018ae2a0 .cmp/eq 3, L_00000000018b1b80, L_00000000018487d0;
LS_00000000018adee0_0_0 .concat8 [ 1 1 1 1], L_00000000018c0b80, L_00000000018c0b10, L_00000000018c0870, L_00000000018c0db0;
LS_00000000018adee0_0_4 .concat8 [ 1 1 0 0], L_00000000018c0aa0, L_00000000018c09c0;
L_00000000018adee0 .concat8 [ 4 2 0 0], LS_00000000018adee0_0_0, LS_00000000018adee0_0_4;
L_00000000018aeca0 .concat8 [ 1 1 0 0], L_00000000018c0f00, L_00000000018bd930;
L_00000000018aed40 .concat8 [ 1 1 1 0], L_00000000018bd3f0, L_00000000018be110, L_00000000018be6c0;
LS_00000000018aede0_0_0 .concat8 [ 1 1 1 1], L_00000000018be2d0, L_00000000018bd310, L_00000000018bde70, L_00000000018bd5b0;
LS_00000000018aede0_0_4 .concat8 [ 1 0 0 0], L_00000000018bd7e0;
L_00000000018aede0 .concat8 [ 4 1 0 0], LS_00000000018aede0_0_0, LS_00000000018aede0_0_4;
L_00000000018aee80 .functor MUXZ 3, L_0000000001848980, L_0000000001848938, L_00000000018bf1b0, C4<>;
L_00000000018aef20 .functor MUXZ 3, L_00000000018aee80, L_00000000018488f0, L_00000000018bfc30, C4<>;
L_00000000018b0320 .functor MUXZ 3, L_00000000018aef20, L_00000000018488a8, L_00000000018be0a0, C4<>;
L_00000000018b06e0 .functor MUXZ 3, L_00000000018b0320, L_0000000001848860, L_00000000018bd9a0, C4<>;
L_00000000018b1ae0 .functor MUXZ 3, L_00000000018b06e0, L_0000000001848818, L_00000000018bd850, C4<>;
    .scope S_00000000017a0fd0;
T_0 ;
    %wait E_0000000001758730;
    %load/vec4 v000000000177a7f0_0;
    %dup/vec4;
    %pushi/vec4 0, 0, 3;
    %cmp/u;
    %jmp/1 T_0.0, 6;
    %dup/vec4;
    %pushi/vec4 1, 0, 3;
    %cmp/u;
    %jmp/1 T_0.1, 6;
    %dup/vec4;
    %pushi/vec4 2, 0, 3;
    %cmp/u;
    %jmp/1 T_0.2, 6;
    %dup/vec4;
    %pushi/vec4 4, 0, 3;
    %cmp/u;
    %jmp/1 T_0.3, 6;
    %load/vec4 v0000000001779c10_0;
    %store/vec4 v000000000177a6b0_0, 0, 32;
    %jmp T_0.5;
T_0.0 ;
    %load/vec4 v0000000001779c10_0;
    %store/vec4 v000000000177a6b0_0, 0, 32;
    %jmp T_0.5;
T_0.1 ;
    %load/vec4 v0000000001779ad0_0;
    %load/vec4 v000000000177a570_0;
    %add;
    %store/vec4 v000000000177a6b0_0, 0, 32;
    %jmp T_0.5;
T_0.2 ;
    %load/vec4 v0000000001779ad0_0;
    %load/vec4 v000000000177a570_0;
    %add;
    %store/vec4 v000000000177a6b0_0, 0, 32;
    %jmp T_0.5;
T_0.3 ;
    %load/vec4 v00000000017793f0_0;
    %store/vec4 v000000000177a6b0_0, 0, 32;
    %jmp T_0.5;
T_0.5 ;
    %pop/vec4 1;
    %jmp T_0;
    .thread T_0, $push;
    .scope S_00000000017f5990;
T_1 ;
    %wait E_0000000001757cf0;
    %load/vec4 v00000000017f9800_0;
    %flag_set/vec4 8;
    %jmp/0xz  T_1.0, 8;
    %pushi/vec4 0, 0, 32;
    %assign/vec4 v00000000017fa480_0, 0;
    %jmp T_1.1;
T_1.0 ;
    %load/vec4 v00000000017fa020_0;
    %assign/vec4 v00000000017fa480_0, 0;
T_1.1 ;
    %jmp T_1;
    .thread T_1;
    .scope S_00000000017f5cb0;
T_2 ;
    %wait E_0000000001757cf0;
    %load/vec4 v0000000001735680_0;
    %flag_set/vec4 8;
    %jmp/0xz  T_2.0, 8;
    %pushi/vec4 0, 0, 32;
    %assign/vec4 v0000000001734e60_0, 0;
    %jmp T_2.1;
T_2.0 ;
    %load/vec4 v0000000001736d00_0;
    %assign/vec4 v0000000001734e60_0, 0;
T_2.1 ;
    %jmp T_2;
    .thread T_2;
    .scope S_00000000017f6930;
T_3 ;
    %wait E_0000000001757cf0;
    %load/vec4 v0000000001736620_0;
    %flag_set/vec4 8;
    %jmp/0xz  T_3.0, 8;
    %pushi/vec4 0, 0, 32;
    %assign/vec4 v0000000001736b20_0, 0;
    %jmp T_3.1;
T_3.0 ;
    %load/vec4 v0000000001734fa0_0;
    %assign/vec4 v0000000001736b20_0, 0;
T_3.1 ;
    %jmp T_3;
    .thread T_3;
    .scope S_00000000017f6480;
T_4 ;
    %wait E_0000000001757cf0;
    %load/vec4 v0000000001736ee0_0;
    %flag_set/vec4 8;
    %jmp/0xz  T_4.0, 8;
    %pushi/vec4 0, 0, 32;
    %assign/vec4 v0000000001736e40_0, 0;
    %jmp T_4.1;
T_4.0 ;
    %load/vec4 v0000000001735040_0;
    %assign/vec4 v0000000001736e40_0, 0;
T_4.1 ;
    %jmp T_4;
    .thread T_4;
    .scope S_00000000017f67a0;
T_5 ;
    %wait E_0000000001757cf0;
    %load/vec4 v000000000121e170_0;
    %flag_set/vec4 8;
    %jmp/0xz  T_5.0, 8;
    %pushi/vec4 0, 0, 1;
    %assign/vec4 v000000000121e2b0_0, 0;
    %jmp T_5.1;
T_5.0 ;
    %load/vec4 v00000000017372a0_0;
    %flag_set/vec4 8;
    %jmp/0xz  T_5.2, 8;
    %pushi/vec4 0, 0, 1;
    %assign/vec4 v000000000121e2b0_0, 0;
    %jmp T_5.3;
T_5.2 ;
    %load/vec4 v000000000121e210_0;
    %flag_set/vec4 8;
    %jmp/0xz  T_5.4, 8;
    %load/vec4 v000000000121e2b0_0;
    %assign/vec4 v000000000121e2b0_0, 0;
    %jmp T_5.5;
T_5.4 ;
    %load/vec4 v00000000017375c0_0;
    %assign/vec4 v000000000121e2b0_0, 0;
T_5.5 ;
T_5.3 ;
T_5.1 ;
    %jmp T_5;
    .thread T_5;
    .scope S_0000000001232de0;
T_6 ;
    %wait E_0000000001757cb0;
    %load/vec4 v000000000177b6f0_0;
    %dup/vec4;
    %pushi/vec4 16, 0, 6;
    %cmp/u;
    %jmp/1 T_6.0, 6;
    %dup/vec4;
    %pushi/vec4 8, 0, 6;
    %cmp/u;
    %jmp/1 T_6.1, 6;
    %dup/vec4;
    %pushi/vec4 4, 0, 6;
    %cmp/u;
    %jmp/1 T_6.2, 6;
    %dup/vec4;
    %pushi/vec4 2, 0, 6;
    %cmp/u;
    %jmp/1 T_6.3, 6;
    %dup/vec4;
    %pushi/vec4 1, 0, 6;
    %cmp/u;
    %jmp/1 T_6.4, 6;
    %dup/vec4;
    %pushi/vec4 32, 0, 6;
    %cmp/u;
    %jmp/1 T_6.5, 6;
    %jmp T_6.6;
T_6.0 ;
    %load/vec4 v000000000177ceb0_0;
    %parti/s 1, 31, 6;
    %replicate 20;
    %load/vec4 v000000000177ceb0_0;
    %parti/s 12, 20, 6;
    %concat/vec4; draw_concat_vec4
    %store/vec4 v000000000177c2d0_0, 0, 32;
    %jmp T_6.6;
T_6.1 ;
    %load/vec4 v000000000177ceb0_0;
    %parti/s 1, 31, 6;
    %replicate 20;
    %load/vec4 v000000000177ceb0_0;
    %parti/s 7, 25, 6;
    %concat/vec4; draw_concat_vec4
    %load/vec4 v000000000177ceb0_0;
    %parti/s 5, 7, 4;
    %concat/vec4; draw_concat_vec4
    %store/vec4 v000000000177c2d0_0, 0, 32;
    %jmp T_6.6;
T_6.2 ;
    %load/vec4 v000000000177ceb0_0;
    %parti/s 1, 31, 6;
    %replicate 20;
    %load/vec4 v000000000177ceb0_0;
    %parti/s 1, 7, 4;
    %concat/vec4; draw_concat_vec4
    %load/vec4 v000000000177ceb0_0;
    %parti/s 6, 25, 6;
    %concat/vec4; draw_concat_vec4
    %load/vec4 v000000000177ceb0_0;
    %parti/s 4, 8, 5;
    %concat/vec4; draw_concat_vec4
    %concati/vec4 0, 0, 1;
    %store/vec4 v000000000177c2d0_0, 0, 32;
    %jmp T_6.6;
T_6.3 ;
    %load/vec4 v000000000177ceb0_0;
    %parti/s 20, 12, 5;
    %concati/vec4 0, 0, 12;
    %store/vec4 v000000000177c2d0_0, 0, 32;
    %jmp T_6.6;
T_6.4 ;
    %load/vec4 v000000000177ceb0_0;
    %parti/s 1, 31, 6;
    %replicate 12;
    %load/vec4 v000000000177ceb0_0;
    %parti/s 8, 12, 5;
    %concat/vec4; draw_concat_vec4
    %load/vec4 v000000000177ceb0_0;
    %parti/s 1, 20, 6;
    %concat/vec4; draw_concat_vec4
    %load/vec4 v000000000177ceb0_0;
    %parti/s 10, 21, 6;
    %concat/vec4; draw_concat_vec4
    %concati/vec4 0, 0, 1;
    %store/vec4 v000000000177c2d0_0, 0, 32;
    %jmp T_6.6;
T_6.5 ;
    %pushi/vec4 0, 0, 27;
    %load/vec4 v000000000177ceb0_0;
    %parti/s 5, 20, 6;
    %concat/vec4; draw_concat_vec4
    %store/vec4 v000000000177c2d0_0, 0, 32;
    %jmp T_6.6;
T_6.6 ;
    %pop/vec4 1;
    %jmp T_6;
    .thread T_6, $push;
    .scope S_00000000017f5b20;
T_7 ;
    %wait E_0000000001757cf0;
    %load/vec4 v00000000017fe260_0;
    %flag_set/vec4 8;
    %jmp/0xz  T_7.0, 8;
    %pushi/vec4 1, 0, 32;
    %store/vec4 v00000000017fd860_0, 0, 32;
T_7.2 ;
    %load/vec4 v00000000017fd860_0;
    %cmpi/s 32, 0, 32;
    %jmp/0xz T_7.3, 5;
    %pushi/vec4 0, 0, 32;
    %ix/getv/s 3, v00000000017fd860_0;
    %ix/load 4, 0, 0; Constant delay
    %assign/vec4/a/d v00000000017fde00, 0, 4;
    %load/vec4 v00000000017fd860_0;
    %addi 1, 0, 32;
    %store/vec4 v00000000017fd860_0, 0, 32;
    %jmp T_7.2;
T_7.3 ;
    %jmp T_7.1;
T_7.0 ;
    %load/vec4 v00000000017fa5c0_0;
    %flag_set/vec4 8;
    %jmp/0xz  T_7.4, 8;
    %load/vec4 v00000000017fae80_0;
    %load/vec4 v00000000017fa0c0_0;
    %pad/u 7;
    %ix/vec4 3;
    %ix/load 4, 0, 0; Constant delay
    %assign/vec4/a/d v00000000017fde00, 0, 4;
T_7.4 ;
T_7.1 ;
    %jmp T_7;
    .thread T_7;
    .scope S_00000000017f51c0;
T_8 ;
    %wait E_0000000001757cf0;
    %load/vec4 v000000000177d950_0;
    %flag_set/vec4 8;
    %jmp/0xz  T_8.0, 8;
    %pushi/vec4 0, 0, 32;
    %assign/vec4 v000000000177d8b0_0, 0;
    %jmp T_8.1;
T_8.0 ;
    %load/vec4 v000000000177d810_0;
    %assign/vec4 v000000000177d8b0_0, 0;
T_8.1 ;
    %jmp T_8;
    .thread T_8;
    .scope S_00000000017f6160;
T_9 ;
    %wait E_0000000001757cf0;
    %load/vec4 v000000000177fed0_0;
    %flag_set/vec4 8;
    %jmp/0xz  T_9.0, 8;
    %pushi/vec4 0, 0, 32;
    %assign/vec4 v000000000177fcf0_0, 0;
    %jmp T_9.1;
T_9.0 ;
    %load/vec4 v000000000177dc70_0;
    %assign/vec4 v000000000177fcf0_0, 0;
T_9.1 ;
    %jmp T_9;
    .thread T_9;
    .scope S_00000000017f5e40;
T_10 ;
    %wait E_0000000001757cf0;
    %load/vec4 v000000000177fc50_0;
    %flag_set/vec4 8;
    %jmp/0xz  T_10.0, 8;
    %pushi/vec4 0, 0, 32;
    %assign/vec4 v000000000177fbb0_0, 0;
    %jmp T_10.1;
T_10.0 ;
    %load/vec4 v000000000177fd90_0;
    %assign/vec4 v000000000177fbb0_0, 0;
T_10.1 ;
    %jmp T_10;
    .thread T_10;
    .scope S_00000000017f21a0;
T_11 ;
    %wait E_0000000001757cf0;
    %load/vec4 v000000000177f390_0;
    %flag_set/vec4 8;
    %jmp/0xz  T_11.0, 8;
    %pushi/vec4 0, 0, 32;
    %assign/vec4 v000000000177d130_0, 0;
    %jmp T_11.1;
T_11.0 ;
    %load/vec4 v000000000177ecb0_0;
    %assign/vec4 v000000000177d130_0, 0;
T_11.1 ;
    %jmp T_11;
    .thread T_11;
    .scope S_00000000017f6c50;
T_12 ;
    %wait E_0000000001757cf0;
    %load/vec4 v000000000177fe30_0;
    %flag_set/vec4 8;
    %jmp/0xz  T_12.0, 8;
    %pushi/vec4 0, 0, 5;
    %assign/vec4 v000000000177fa70_0, 0;
    %jmp T_12.1;
T_12.0 ;
    %load/vec4 v000000000177f9d0_0;
    %assign/vec4 v000000000177fa70_0, 0;
T_12.1 ;
    %jmp T_12;
    .thread T_12;
    .scope S_00000000017f2970;
T_13 ;
    %wait E_0000000001757cf0;
    %load/vec4 v000000000177d4f0_0;
    %flag_set/vec4 8;
    %jmp/0xz  T_13.0, 8;
    %pushi/vec4 0, 0, 3;
    %assign/vec4 v000000000177e490_0, 0;
    %jmp T_13.1;
T_13.0 ;
    %load/vec4 v000000000177de50_0;
    %assign/vec4 v000000000177e490_0, 0;
T_13.1 ;
    %jmp T_13;
    .thread T_13;
    .scope S_00000000017f62f0;
T_14 ;
    %wait E_0000000001757cf0;
    %load/vec4 v0000000001731b20_0;
    %flag_set/vec4 8;
    %jmp/0xz  T_14.0, 8;
    %pushi/vec4 0, 0, 1;
    %assign/vec4 v000000000172fe60_0, 0;
    %jmp T_14.1;
T_14.0 ;
    %load/vec4 v000000000177ff70_0;
    %assign/vec4 v000000000172fe60_0, 0;
T_14.1 ;
    %jmp T_14;
    .thread T_14;
    .scope S_00000000017f2330;
T_15 ;
    %wait E_0000000001757cf0;
    %load/vec4 v000000000177f4d0_0;
    %flag_set/vec4 8;
    %jmp/0xz  T_15.0, 8;
    %pushi/vec4 0, 0, 1;
    %assign/vec4 v000000000177f430_0, 0;
    %jmp T_15.1;
T_15.0 ;
    %load/vec4 v000000000177f070_0;
    %assign/vec4 v000000000177f430_0, 0;
T_15.1 ;
    %jmp T_15;
    .thread T_15;
    .scope S_00000000017f24c0;
T_16 ;
    %wait E_0000000001757cf0;
    %load/vec4 v000000000177ef30_0;
    %flag_set/vec4 8;
    %jmp/0xz  T_16.0, 8;
    %pushi/vec4 0, 0, 1;
    %assign/vec4 v000000000177da90_0, 0;
    %jmp T_16.1;
T_16.0 ;
    %load/vec4 v000000000177ee90_0;
    %assign/vec4 v000000000177da90_0, 0;
T_16.1 ;
    %jmp T_16;
    .thread T_16;
    .scope S_00000000017f5670;
T_17 ;
    %wait E_0000000001757cf0;
    %load/vec4 v00000000017368a0_0;
    %flag_set/vec4 8;
    %jmp/0xz  T_17.0, 8;
    %pushi/vec4 0, 0, 2;
    %assign/vec4 v0000000001736940_0, 0;
    %jmp T_17.1;
T_17.0 ;
    %load/vec4 v0000000001734d20_0;
    %assign/vec4 v0000000001736940_0, 0;
T_17.1 ;
    %jmp T_17;
    .thread T_17;
    .scope S_00000000017f2c90;
T_18 ;
    %wait E_0000000001757cf0;
    %load/vec4 v000000000177e990_0;
    %flag_set/vec4 8;
    %jmp/0xz  T_18.0, 8;
    %pushi/vec4 0, 0, 1;
    %assign/vec4 v000000000177f750_0, 0;
    %jmp T_18.1;
T_18.0 ;
    %load/vec4 v000000000177dbd0_0;
    %assign/vec4 v000000000177f750_0, 0;
T_18.1 ;
    %jmp T_18;
    .thread T_18;
    .scope S_00000000017f2010;
T_19 ;
    %wait E_0000000001757cf0;
    %load/vec4 v000000000177ec10_0;
    %flag_set/vec4 8;
    %jmp/0xz  T_19.0, 8;
    %pushi/vec4 0, 0, 5;
    %assign/vec4 v000000000177df90_0, 0;
    %jmp T_19.1;
T_19.0 ;
    %load/vec4 v000000000177e030_0;
    %assign/vec4 v000000000177df90_0, 0;
T_19.1 ;
    %jmp T_19;
    .thread T_19;
    .scope S_00000000017f6610;
T_20 ;
    %wait E_0000000001757cf0;
    %load/vec4 v000000000177d590_0;
    %flag_set/vec4 8;
    %jmp/0xz  T_20.0, 8;
    %pushi/vec4 0, 0, 3;
    %assign/vec4 v000000000177d450_0, 0;
    %jmp T_20.1;
T_20.0 ;
    %load/vec4 v000000000177d310_0;
    %assign/vec4 v000000000177d450_0, 0;
T_20.1 ;
    %jmp T_20;
    .thread T_20;
    .scope S_00000000017f1e80;
T_21 ;
    %wait E_0000000001757cf0;
    %load/vec4 v000000000177e210_0;
    %flag_set/vec4 8;
    %jmp/0xz  T_21.0, 8;
    %pushi/vec4 0, 0, 32;
    %assign/vec4 v000000000177e530_0, 0;
    %jmp T_21.1;
T_21.0 ;
    %load/vec4 v000000000177ea30_0;
    %assign/vec4 v000000000177e530_0, 0;
T_21.1 ;
    %jmp T_21;
    .thread T_21;
    .scope S_00000000017f27e0;
T_22 ;
    %wait E_0000000001757cf0;
    %load/vec4 v0000000001734b40_0;
    %flag_set/vec4 8;
    %jmp/0xz  T_22.0, 8;
    %pushi/vec4 0, 0, 1;
    %assign/vec4 v0000000001736580_0, 0;
    %jmp T_22.1;
T_22.0 ;
    %load/vec4 v0000000001735540_0;
    %flag_set/vec4 8;
    %jmp/0xz  T_22.2, 8;
    %pushi/vec4 0, 0, 1;
    %assign/vec4 v0000000001736580_0, 0;
    %jmp T_22.3;
T_22.2 ;
    %load/vec4 v0000000001735360_0;
    %assign/vec4 v0000000001736580_0, 0;
T_22.3 ;
T_22.1 ;
    %jmp T_22;
    .thread T_22;
    .scope S_0000000001808af0;
T_23 ;
    %wait E_000000000175c6b0;
    %load/vec4 v00000000017fd5e0_0;
    %dup/vec4;
    %pushi/vec4 0, 0, 5;
    %cmp/u;
    %jmp/1 T_23.0, 6;
    %dup/vec4;
    %pushi/vec4 1, 0, 5;
    %cmp/u;
    %jmp/1 T_23.1, 6;
    %dup/vec4;
    %pushi/vec4 2, 0, 5;
    %cmp/u;
    %jmp/1 T_23.2, 6;
    %dup/vec4;
    %pushi/vec4 3, 0, 5;
    %cmp/u;
    %jmp/1 T_23.3, 6;
    %dup/vec4;
    %pushi/vec4 4, 0, 5;
    %cmp/u;
    %jmp/1 T_23.4, 6;
    %dup/vec4;
    %pushi/vec4 5, 0, 5;
    %cmp/u;
    %jmp/1 T_23.5, 6;
    %dup/vec4;
    %pushi/vec4 6, 0, 5;
    %cmp/u;
    %jmp/1 T_23.6, 6;
    %dup/vec4;
    %pushi/vec4 7, 0, 5;
    %cmp/u;
    %jmp/1 T_23.7, 6;
    %dup/vec4;
    %pushi/vec4 8, 0, 5;
    %cmp/u;
    %jmp/1 T_23.8, 6;
    %dup/vec4;
    %pushi/vec4 9, 0, 5;
    %cmp/u;
    %jmp/1 T_23.9, 6;
    %dup/vec4;
    %pushi/vec4 10, 0, 5;
    %cmp/u;
    %jmp/1 T_23.10, 6;
    %dup/vec4;
    %pushi/vec4 11, 0, 5;
    %cmp/u;
    %jmp/1 T_23.11, 6;
    %dup/vec4;
    %pushi/vec4 12, 0, 5;
    %cmp/u;
    %jmp/1 T_23.12, 6;
    %dup/vec4;
    %pushi/vec4 13, 0, 5;
    %cmp/u;
    %jmp/1 T_23.13, 6;
    %dup/vec4;
    %pushi/vec4 14, 0, 5;
    %cmp/u;
    %jmp/1 T_23.14, 6;
    %dup/vec4;
    %pushi/vec4 15, 0, 5;
    %cmp/u;
    %jmp/1 T_23.15, 6;
    %dup/vec4;
    %pushi/vec4 16, 0, 5;
    %cmp/u;
    %jmp/1 T_23.16, 6;
    %dup/vec4;
    %pushi/vec4 17, 0, 5;
    %cmp/u;
    %jmp/1 T_23.17, 6;
    %jmp T_23.18;
T_23.0 ;
    %load/vec4 v00000000017fc6e0_0;
    %store/vec4 v00000000017fc0a0_0, 0, 32;
    %jmp T_23.18;
T_23.1 ;
    %load/vec4 v00000000017fdea0_0;
    %store/vec4 v00000000017fc0a0_0, 0, 32;
    %jmp T_23.18;
T_23.2 ;
    %load/vec4 v00000000017fdcc0_0;
    %load/vec4 v00000000017fdea0_0;
    %add;
    %store/vec4 v00000000017fc0a0_0, 0, 32;
    %jmp T_23.18;
T_23.3 ;
    %load/vec4 v00000000017fc6e0_0;
    %load/vec4 v00000000017fdea0_0;
    %add;
    %store/vec4 v00000000017fc0a0_0, 0, 32;
    %jmp T_23.18;
T_23.4 ;
    %load/vec4 v00000000017fc6e0_0;
    %load/vec4 v00000000017fdea0_0;
    %sub;
    %store/vec4 v00000000017fc0a0_0, 0, 32;
    %jmp T_23.18;
T_23.5 ;
    %pushi/vec4 0, 0, 31;
    %load/vec4 v00000000017fc6e0_0;
    %load/vec4 v00000000017fdea0_0;
    %cmp/e;
    %flag_get/vec4 4;
    %concat/vec4; draw_concat_vec4
    %store/vec4 v00000000017fc0a0_0, 0, 32;
    %jmp T_23.18;
T_23.6 ;
    %pushi/vec4 0, 0, 31;
    %load/vec4 v00000000017fdea0_0;
    %load/vec4 v00000000017fc6e0_0;
    %cmp/s;
    %flag_get/vec4 4;
    %flag_get/vec4 5;
    %or;
    %concat/vec4; draw_concat_vec4
    %store/vec4 v00000000017fc0a0_0, 0, 32;
    %jmp T_23.18;
T_23.7 ;
    %pushi/vec4 0, 0, 31;
    %load/vec4 v00000000017fc6e0_0;
    %load/vec4 v00000000017fdea0_0;
    %cmp/s;
    %flag_get/vec4 5;
    %concat/vec4; draw_concat_vec4
    %store/vec4 v00000000017fc0a0_0, 0, 32;
    %jmp T_23.18;
T_23.8 ;
    %pushi/vec4 0, 0, 31;
    %load/vec4 v00000000017fdea0_0;
    %load/vec4 v00000000017fc6e0_0;
    %cmp/u;
    %flag_get/vec4 4;
    %flag_get/vec4 5;
    %or;
    %concat/vec4; draw_concat_vec4
    %store/vec4 v00000000017fc0a0_0, 0, 32;
    %jmp T_23.18;
T_23.9 ;
    %pushi/vec4 0, 0, 31;
    %load/vec4 v00000000017fc6e0_0;
    %load/vec4 v00000000017fdea0_0;
    %cmp/u;
    %flag_get/vec4 5;
    %concat/vec4; draw_concat_vec4
    %store/vec4 v00000000017fc0a0_0, 0, 32;
    %jmp T_23.18;
T_23.10 ;
    %pushi/vec4 0, 0, 31;
    %load/vec4 v00000000017fc6e0_0;
    %load/vec4 v00000000017fdea0_0;
    %cmp/s;
    %flag_get/vec4 5;
    %concat/vec4; draw_concat_vec4
    %store/vec4 v00000000017fc0a0_0, 0, 32;
    %jmp T_23.18;
T_23.11 ;
    %pushi/vec4 0, 0, 31;
    %load/vec4 v00000000017fc6e0_0;
    %load/vec4 v00000000017fdea0_0;
    %cmp/u;
    %flag_get/vec4 5;
    %concat/vec4; draw_concat_vec4
    %store/vec4 v00000000017fc0a0_0, 0, 32;
    %jmp T_23.18;
T_23.12 ;
    %load/vec4 v00000000017fc6e0_0;
    %load/vec4 v00000000017fdea0_0;
    %xor;
    %store/vec4 v00000000017fc0a0_0, 0, 32;
    %jmp T_23.18;
T_23.13 ;
    %load/vec4 v00000000017fc6e0_0;
    %load/vec4 v00000000017fdea0_0;
    %or;
    %store/vec4 v00000000017fc0a0_0, 0, 32;
    %jmp T_23.18;
T_23.14 ;
    %load/vec4 v00000000017fc6e0_0;
    %load/vec4 v00000000017fdea0_0;
    %and;
    %store/vec4 v00000000017fc0a0_0, 0, 32;
    %jmp T_23.18;
T_23.15 ;
    %load/vec4 v00000000017fc6e0_0;
    %load/vec4 v00000000017fdea0_0;
    %ix/vec4 4;
    %shiftl 4;
    %store/vec4 v00000000017fc0a0_0, 0, 32;
    %jmp T_23.18;
T_23.16 ;
    %load/vec4 v00000000017fc6e0_0;
    %load/vec4 v00000000017fdea0_0;
    %ix/vec4 4;
    %shiftr 4;
    %store/vec4 v00000000017fc0a0_0, 0, 32;
    %jmp T_23.18;
T_23.17 ;
    %load/vec4 v00000000017fc6e0_0;
    %load/vec4 v00000000017fdea0_0;
    %ix/vec4 4;
    %shiftr/s 4;
    %store/vec4 v00000000017fc0a0_0, 0, 32;
    %jmp T_23.18;
T_23.18 ;
    %pop/vec4 1;
    %jmp T_23;
    .thread T_23, $push;
    .scope S_00000000012aad30;
T_24 ;
    %wait E_0000000001757cf0;
    %load/vec4 v000000000177c050_0;
    %flag_set/vec4 8;
    %jmp/0xz  T_24.0, 8;
    %pushi/vec4 0, 0, 32;
    %assign/vec4 v000000000177b830_0, 0;
    %jmp T_24.1;
T_24.0 ;
    %load/vec4 v000000000177be70_0;
    %assign/vec4 v000000000177b830_0, 0;
T_24.1 ;
    %jmp T_24;
    .thread T_24;
    .scope S_0000000001281010;
T_25 ;
    %wait E_0000000001757cf0;
    %load/vec4 v000000000177c0f0_0;
    %flag_set/vec4 8;
    %jmp/0xz  T_25.0, 8;
    %pushi/vec4 0, 0, 32;
    %assign/vec4 v000000000177bb50_0, 0;
    %jmp T_25.1;
T_25.0 ;
    %load/vec4 v000000000177c4b0_0;
    %assign/vec4 v000000000177bb50_0, 0;
T_25.1 ;
    %jmp T_25;
    .thread T_25;
    .scope S_00000000012907c0;
T_26 ;
    %wait E_0000000001757cf0;
    %load/vec4 v000000000177cb90_0;
    %flag_set/vec4 8;
    %jmp/0xz  T_26.0, 8;
    %pushi/vec4 0, 0, 5;
    %assign/vec4 v000000000177caf0_0, 0;
    %jmp T_26.1;
T_26.0 ;
    %load/vec4 v000000000177b470_0;
    %assign/vec4 v000000000177caf0_0, 0;
T_26.1 ;
    %jmp T_26;
    .thread T_26;
    .scope S_00000000012a4e20;
T_27 ;
    %wait E_0000000001757cf0;
    %load/vec4 v000000000177bdd0_0;
    %flag_set/vec4 8;
    %jmp/0xz  T_27.0, 8;
    %pushi/vec4 0, 0, 32;
    %assign/vec4 v000000000177ce10_0, 0;
    %jmp T_27.1;
T_27.0 ;
    %load/vec4 v000000000177af70_0;
    %assign/vec4 v000000000177ce10_0, 0;
T_27.1 ;
    %jmp T_27;
    .thread T_27;
    .scope S_0000000001290950;
T_28 ;
    %wait E_0000000001757cf0;
    %load/vec4 v000000000177ccd0_0;
    %flag_set/vec4 8;
    %jmp/0xz  T_28.0, 8;
    %pushi/vec4 0, 0, 1;
    %assign/vec4 v000000000177c690_0, 0;
    %jmp T_28.1;
T_28.0 ;
    %load/vec4 v000000000177ba10_0;
    %assign/vec4 v000000000177c690_0, 0;
T_28.1 ;
    %jmp T_28;
    .thread T_28;
    .scope S_00000000012a4c90;
T_29 ;
    %wait E_0000000001757cf0;
    %load/vec4 v000000000177ae30_0;
    %flag_set/vec4 8;
    %jmp/0xz  T_29.0, 8;
    %pushi/vec4 0, 0, 1;
    %assign/vec4 v000000000177bc90_0, 0;
    %jmp T_29.1;
T_29.0 ;
    %load/vec4 v000000000177b0b0_0;
    %assign/vec4 v000000000177bc90_0, 0;
T_29.1 ;
    %jmp T_29;
    .thread T_29;
    .scope S_00000000012aaec0;
T_30 ;
    %wait E_0000000001757cf0;
    %load/vec4 v000000000177bfb0_0;
    %flag_set/vec4 8;
    %jmp/0xz  T_30.0, 8;
    %pushi/vec4 0, 0, 1;
    %assign/vec4 v000000000177b650_0, 0;
    %jmp T_30.1;
T_30.0 ;
    %load/vec4 v000000000177c410_0;
    %assign/vec4 v000000000177b650_0, 0;
T_30.1 ;
    %jmp T_30;
    .thread T_30;
    .scope S_00000000017f2650;
T_31 ;
    %wait E_0000000001757cf0;
    %load/vec4 v000000000177b510_0;
    %flag_set/vec4 8;
    %jmp/0xz  T_31.0, 8;
    %pushi/vec4 0, 0, 2;
    %assign/vec4 v000000000177cd70_0, 0;
    %jmp T_31.1;
T_31.0 ;
    %load/vec4 v000000000177c190_0;
    %assign/vec4 v000000000177cd70_0, 0;
T_31.1 ;
    %jmp T_31;
    .thread T_31;
    .scope S_000000000122b9b0;
T_32 ;
    %wait E_0000000001757cf0;
    %load/vec4 v000000000177c870_0;
    %flag_set/vec4 8;
    %jmp/0xz  T_32.0, 8;
    %pushi/vec4 0, 0, 3;
    %assign/vec4 v000000000177bf10_0, 0;
    %jmp T_32.1;
T_32.0 ;
    %load/vec4 v000000000177ad90_0;
    %assign/vec4 v000000000177bf10_0, 0;
T_32.1 ;
    %jmp T_32;
    .thread T_32;
    .scope S_0000000001232f70;
T_33 ;
    %wait E_0000000001757cf0;
    %load/vec4 v000000000177e3f0_0;
    %flag_set/vec4 8;
    %jmp/0xz  T_33.0, 8;
    %pushi/vec4 0, 0, 1;
    %assign/vec4 v000000000177d770_0, 0;
    %jmp T_33.1;
T_33.0 ;
    %load/vec4 v000000000177c230_0;
    %flag_set/vec4 8;
    %jmp/0xz  T_33.2, 8;
    %pushi/vec4 0, 0, 1;
    %assign/vec4 v000000000177d770_0, 0;
    %jmp T_33.3;
T_33.2 ;
    %load/vec4 v000000000177ab10_0;
    %assign/vec4 v000000000177d770_0, 0;
T_33.3 ;
T_33.1 ;
    %jmp T_33;
    .thread T_33;
    .scope S_00000000017f6ac0;
T_34 ;
    %wait E_0000000001757cf0;
    %load/vec4 v00000000017fad40_0;
    %flag_set/vec4 8;
    %jmp/0xz  T_34.0, 8;
    %pushi/vec4 0, 0, 32;
    %assign/vec4 v00000000017fa340_0, 0;
    %jmp T_34.1;
T_34.0 ;
    %load/vec4 v00000000017fb1a0_0;
    %assign/vec4 v00000000017fa340_0, 0;
T_34.1 ;
    %jmp T_34;
    .thread T_34;
    .scope S_00000000017f54e0;
T_35 ;
    %wait E_0000000001757cf0;
    %load/vec4 v00000000017fb880_0;
    %flag_set/vec4 8;
    %jmp/0xz  T_35.0, 8;
    %pushi/vec4 0, 0, 32;
    %assign/vec4 v000000000121c9b0_0, 0;
    %jmp T_35.1;
T_35.0 ;
    %load/vec4 v000000000121c910_0;
    %assign/vec4 v000000000121c9b0_0, 0;
T_35.1 ;
    %jmp T_35;
    .thread T_35;
    .scope S_00000000017f5350;
T_36 ;
    %wait E_0000000001757cf0;
    %load/vec4 v00000000017fb7e0_0;
    %flag_set/vec4 8;
    %jmp/0xz  T_36.0, 8;
    %pushi/vec4 0, 0, 5;
    %assign/vec4 v00000000017fb380_0, 0;
    %jmp T_36.1;
T_36.0 ;
    %load/vec4 v00000000017fb6a0_0;
    %assign/vec4 v00000000017fb380_0, 0;
T_36.1 ;
    %jmp T_36;
    .thread T_36;
    .scope S_00000000017f4ea0;
T_37 ;
    %wait E_0000000001757cf0;
    %load/vec4 v00000000017fa840_0;
    %flag_set/vec4 8;
    %jmp/0xz  T_37.0, 8;
    %pushi/vec4 0, 0, 32;
    %assign/vec4 v00000000017fa980_0, 0;
    %jmp T_37.1;
T_37.0 ;
    %load/vec4 v00000000017fb9c0_0;
    %assign/vec4 v00000000017fa980_0, 0;
T_37.1 ;
    %jmp T_37;
    .thread T_37;
    .scope S_00000000017f5030;
T_38 ;
    %wait E_0000000001757cf0;
    %load/vec4 v00000000017f9b20_0;
    %flag_set/vec4 8;
    %jmp/0xz  T_38.0, 8;
    %pushi/vec4 0, 0, 1;
    %assign/vec4 v00000000017faa20_0, 0;
    %jmp T_38.1;
T_38.0 ;
    %load/vec4 v00000000017f9e40_0;
    %assign/vec4 v00000000017faa20_0, 0;
T_38.1 ;
    %jmp T_38;
    .thread T_38;
    .scope S_00000000017f5800;
T_39 ;
    %wait E_0000000001757cf0;
    %load/vec4 v00000000017fab60_0;
    %flag_set/vec4 8;
    %jmp/0xz  T_39.0, 8;
    %pushi/vec4 0, 0, 2;
    %assign/vec4 v00000000017fbba0_0, 0;
    %jmp T_39.1;
T_39.0 ;
    %load/vec4 v00000000017f9d00_0;
    %assign/vec4 v00000000017fbba0_0, 0;
T_39.1 ;
    %jmp T_39;
    .thread T_39;
    .scope S_00000000017f5fd0;
T_40 ;
    %wait E_0000000001757cf0;
    %load/vec4 v00000000017f9f80_0;
    %flag_set/vec4 8;
    %jmp/0xz  T_40.0, 8;
    %pushi/vec4 0, 0, 1;
    %assign/vec4 v00000000017faca0_0, 0;
    %jmp T_40.1;
T_40.0 ;
    %load/vec4 v00000000017faf20_0;
    %flag_set/vec4 8;
    %jmp/0xz  T_40.2, 8;
    %pushi/vec4 0, 0, 1;
    %assign/vec4 v00000000017faca0_0, 0;
    %jmp T_40.3;
T_40.2 ;
    %load/vec4 v00000000017fb600_0;
    %assign/vec4 v00000000017faca0_0, 0;
T_40.3 ;
T_40.1 ;
    %jmp T_40;
    .thread T_40;
    .scope S_0000000001261a50;
T_41 ;
    %wait E_0000000001757c30;
    %vpi_call 7 245 "$display", "r[00-07]=0x%8X, 0x%8X, 0x%8X, 0x%8X, 0x%8X, 0x%8X, 0x%8X, 0x%8X", 32'sb00000000000000000000000000000000, &A<v00000000017fde00, 1>, &A<v00000000017fde00, 2>, &A<v00000000017fde00, 3>, &A<v00000000017fde00, 4>, &A<v00000000017fde00, 5>, &A<v00000000017fde00, 6>, &A<v00000000017fde00, 7> {0 0 0};
    %vpi_call 7 246 "$display", "r[08-15]=0x%8X, 0x%8X, 0x%8X, 0x%8X, 0x%8X, 0x%8X, 0x%8X, 0x%8X", &A<v00000000017fde00, 8>, &A<v00000000017fde00, 9>, &A<v00000000017fde00, 10>, &A<v00000000017fde00, 11>, &A<v00000000017fde00, 12>, &A<v00000000017fde00, 13>, &A<v00000000017fde00, 14>, &A<v00000000017fde00, 15> {0 0 0};
    %vpi_call 7 247 "$display", "r[16-23]=0x%8X, 0x%8X, 0x%8X, 0x%8X, 0x%8X, 0x%8X, 0x%8X, 0x%8X", &A<v00000000017fde00, 16>, &A<v00000000017fde00, 17>, &A<v00000000017fde00, 18>, &A<v00000000017fde00, 19>, &A<v00000000017fde00, 20>, &A<v00000000017fde00, 21>, &A<v00000000017fde00, 22>, &A<v00000000017fde00, 23> {0 0 0};
    %vpi_call 7 248 "$display", "r[24-31]=0x%8X, 0x%8X, 0x%8X, 0x%8X, 0x%8X, 0x%8X, 0x%8X, 0x%8X", &A<v00000000017fde00, 24>, &A<v00000000017fde00, 25>, &A<v00000000017fde00, 26>, &A<v00000000017fde00, 27>, &A<v00000000017fde00, 28>, &A<v00000000017fde00, 29>, &A<v00000000017fde00, 30>, &A<v00000000017fde00, 31> {0 0 0};
    %jmp T_41;
    .thread T_41;
    .scope S_00000000012af160;
T_42 ;
    %wait E_0000000001757c30;
    %load/vec4 v000000000177a890_0;
    %flag_set/vec4 8;
    %jmp/0xz  T_42.0, 8;
    %load/vec4 v0000000001778f90_0;
    %dup/vec4;
    %pushi/vec4 0, 0, 3;
    %cmp/u;
    %jmp/1 T_42.2, 6;
    %dup/vec4;
    %pushi/vec4 1, 0, 3;
    %cmp/u;
    %jmp/1 T_42.3, 6;
    %dup/vec4;
    %pushi/vec4 3, 0, 3;
    %cmp/u;
    %jmp/1 T_42.4, 6;
    %vpi_call 5 72 "$display", "@%0t: [DM Write] Invalid DMType, no write.", $time {0 0 0};
    %jmp T_42.6;
T_42.2 ;
    %load/vec4 v000000000177b5b0_0;
    %load/vec4 v000000000177b3d0_0;
    %pad/u 9;
    %ix/vec4 3;
    %ix/load 4, 0, 0; Constant delay
    %assign/vec4/a/d v000000000177b330, 0, 4;
    %vpi_call 5 44 "$display", "@%0t: [DM Write] SW to Addr 0x%h, Data: 0x%h", $time, v0000000001779210_0, v000000000177b5b0_0 {0 0 0};
    %jmp T_42.6;
T_42.3 ;
    %load/vec4 v000000000177b150_0;
    %dup/vec4;
    %pushi/vec4 0, 0, 2;
    %cmp/u;
    %jmp/1 T_42.7, 6;
    %dup/vec4;
    %pushi/vec4 2, 0, 2;
    %cmp/u;
    %jmp/1 T_42.8, 6;
    %jmp T_42.10;
T_42.7 ;
    %load/vec4 v000000000177b5b0_0;
    %parti/s 16, 0, 2;
    %load/vec4 v000000000177b3d0_0;
    %pad/u 9;
    %ix/vec4 3;
    %ix/load 4, 0, 0; Constant delay
    %assign/vec4/a/d v000000000177b330, 0, 4;
    %jmp T_42.10;
T_42.8 ;
    %load/vec4 v000000000177b5b0_0;
    %parti/s 16, 0, 2;
    %load/vec4 v000000000177b3d0_0;
    %pad/u 9;
    %ix/vec4 3;
    %ix/load 4, 16, 0; part off
    %ix/load 5, 0, 0; Constant delay
    %assign/vec4/a/d v000000000177b330, 4, 5;
    %jmp T_42.10;
T_42.10 ;
    %pop/vec4 1;
    %vpi_call 5 55 "$display", "@%0t: [DM Write] SH to Addr 0x%h, Data: 0x%h", $time, v0000000001779210_0, &PV<v000000000177b5b0_0, 0, 16> {0 0 0};
    %jmp T_42.6;
T_42.4 ;
    %load/vec4 v000000000177b150_0;
    %dup/vec4;
    %pushi/vec4 0, 0, 2;
    %cmp/u;
    %jmp/1 T_42.11, 6;
    %dup/vec4;
    %pushi/vec4 1, 0, 2;
    %cmp/u;
    %jmp/1 T_42.12, 6;
    %dup/vec4;
    %pushi/vec4 2, 0, 2;
    %cmp/u;
    %jmp/1 T_42.13, 6;
    %dup/vec4;
    %pushi/vec4 3, 0, 2;
    %cmp/u;
    %jmp/1 T_42.14, 6;
    %jmp T_42.15;
T_42.11 ;
    %load/vec4 v000000000177b5b0_0;
    %parti/s 8, 0, 2;
    %load/vec4 v000000000177b3d0_0;
    %pad/u 9;
    %ix/vec4 3;
    %ix/load 4, 0, 0; Constant delay
    %assign/vec4/a/d v000000000177b330, 0, 4;
    %jmp T_42.15;
T_42.12 ;
    %load/vec4 v000000000177b5b0_0;
    %parti/s 8, 0, 2;
    %load/vec4 v000000000177b3d0_0;
    %pad/u 9;
    %ix/vec4 3;
    %ix/load 4, 8, 0; part off
    %ix/load 5, 0, 0; Constant delay
    %assign/vec4/a/d v000000000177b330, 4, 5;
    %jmp T_42.15;
T_42.13 ;
    %load/vec4 v000000000177b5b0_0;
    %parti/s 8, 0, 2;
    %load/vec4 v000000000177b3d0_0;
    %pad/u 9;
    %ix/vec4 3;
    %ix/load 4, 16, 0; part off
    %ix/load 5, 0, 0; Constant delay
    %assign/vec4/a/d v000000000177b330, 4, 5;
    %jmp T_42.15;
T_42.14 ;
    %load/vec4 v000000000177b5b0_0;
    %parti/s 8, 0, 2;
    %load/vec4 v000000000177b3d0_0;
    %pad/u 9;
    %ix/vec4 3;
    %ix/load 4, 24, 0; part off
    %ix/load 5, 0, 0; Constant delay
    %assign/vec4/a/d v000000000177b330, 4, 5;
    %jmp T_42.15;
T_42.15 ;
    %pop/vec4 1;
    %vpi_call 5 67 "$display", "@%0t: [DM Write] SB to Addr 0x%h, Data: 0x%h", $time, v0000000001779210_0, &PV<v000000000177b5b0_0, 0, 8> {0 0 0};
    %jmp T_42.6;
T_42.6 ;
    %pop/vec4 1;
T_42.0 ;
    %jmp T_42;
    .thread T_42;
    .scope S_00000000012af160;
T_43 ;
    %wait E_0000000001758230;
    %load/vec4 v000000000177b150_0;
    %dup/vec4;
    %pushi/vec4 0, 0, 2;
    %cmp/u;
    %jmp/1 T_43.0, 6;
    %dup/vec4;
    %pushi/vec4 1, 0, 2;
    %cmp/u;
    %jmp/1 T_43.1, 6;
    %dup/vec4;
    %pushi/vec4 2, 0, 2;
    %cmp/u;
    %jmp/1 T_43.2, 6;
    %dup/vec4;
    %pushi/vec4 3, 0, 2;
    %cmp/u;
    %jmp/1 T_43.3, 6;
    %jmp T_43.4;
T_43.0 ;
    %load/vec4 v000000000177b790_0;
    %store/vec4 v000000000177ca50_0, 0, 32;
    %jmp T_43.4;
T_43.1 ;
    %load/vec4 v000000000177b790_0;
    %ix/load 4, 8, 0;
    %flag_set/imm 4, 0;
    %shiftr 4;
    %store/vec4 v000000000177ca50_0, 0, 32;
    %jmp T_43.4;
T_43.2 ;
    %load/vec4 v000000000177b790_0;
    %ix/load 4, 16, 0;
    %flag_set/imm 4, 0;
    %shiftr 4;
    %store/vec4 v000000000177ca50_0, 0, 32;
    %jmp T_43.4;
T_43.3 ;
    %load/vec4 v000000000177b790_0;
    %ix/load 4, 24, 0;
    %flag_set/imm 4, 0;
    %shiftr 4;
    %store/vec4 v000000000177ca50_0, 0, 32;
    %jmp T_43.4;
T_43.4 ;
    %pop/vec4 1;
    %load/vec4 v0000000001778f90_0;
    %dup/vec4;
    %pushi/vec4 0, 0, 3;
    %cmp/u;
    %jmp/1 T_43.5, 6;
    %dup/vec4;
    %pushi/vec4 1, 0, 3;
    %cmp/u;
    %jmp/1 T_43.6, 6;
    %dup/vec4;
    %pushi/vec4 2, 0, 3;
    %cmp/u;
    %jmp/1 T_43.7, 6;
    %dup/vec4;
    %pushi/vec4 3, 0, 3;
    %cmp/u;
    %jmp/1 T_43.8, 6;
    %dup/vec4;
    %pushi/vec4 4, 0, 3;
    %cmp/u;
    %jmp/1 T_43.9, 6;
    %pushi/vec4 4294967295, 4294967295, 32;
    %store/vec4 v000000000177aa70_0, 0, 32;
    %jmp T_43.11;
T_43.5 ;
    %load/vec4 v000000000177b790_0;
    %store/vec4 v000000000177aa70_0, 0, 32;
    %jmp T_43.11;
T_43.6 ;
    %load/vec4 v000000000177ca50_0;
    %parti/s 1, 15, 5;
    %replicate 16;
    %load/vec4 v000000000177ca50_0;
    %parti/s 16, 0, 2;
    %concat/vec4; draw_concat_vec4
    %store/vec4 v000000000177aa70_0, 0, 32;
    %jmp T_43.11;
T_43.7 ;
    %pushi/vec4 0, 0, 16;
    %load/vec4 v000000000177ca50_0;
    %parti/s 16, 0, 2;
    %concat/vec4; draw_concat_vec4
    %store/vec4 v000000000177aa70_0, 0, 32;
    %jmp T_43.11;
T_43.8 ;
    %load/vec4 v000000000177ca50_0;
    %parti/s 1, 7, 4;
    %replicate 24;
    %load/vec4 v000000000177ca50_0;
    %parti/s 8, 0, 2;
    %concat/vec4; draw_concat_vec4
    %store/vec4 v000000000177aa70_0, 0, 32;
    %jmp T_43.11;
T_43.9 ;
    %pushi/vec4 0, 0, 24;
    %load/vec4 v000000000177ca50_0;
    %parti/s 8, 0, 2;
    %concat/vec4; draw_concat_vec4
    %store/vec4 v000000000177aa70_0, 0, 32;
    %jmp T_43.11;
T_43.11 ;
    %pop/vec4 1;
    %jmp T_43;
    .thread T_43, $push;
    .scope S_00000000012af640;
T_44 ;
    %pushi/vec4 0, 0, 32;
    %store/vec4 v000000000183f9d0_0, 0, 32;
    %pushi/vec4 0, 0, 32;
    %store/vec4 v000000000183fb10_0, 0, 32;
    %end;
    .thread T_44;
    .scope S_00000000012af640;
T_45 ;
    %vpi_call 3 37 "$readmemh", "riscv32_forwarding_sim2.dat", v000000000177b290, 32'sb00000000000000000000000000000000, 32'sb00000000000000000000000011111111 {0 0 0};
    %vpi_call 3 38 "$dumpfile", "sccomp.vcd" {0 0 0};
    %vpi_call 3 39 "$dumpvars", 32'sb00000000000000000000000000000000, S_00000000012af7d0 {0 0 0};
    %vpi_call 3 40 "$monitor", "PC = 0x%8X, instr = 0x%8X", v000000000183f890_0, v000000000183fbb0_0 {0 0 0};
    %vpi_func 3 41 "$fopen" 32, "results.txt" {0 0 0};
    %store/vec4 v0000000001830930_0, 0, 32;
    %vpi_func 3 42 "$fopen" 32, "dmem_dump.txt", "w" {0 0 0};
    %store/vec4 v0000000001832730_0, 0, 32;
    %pushi/vec4 1, 0, 1;
    %store/vec4 v000000000183f7f0_0, 0, 1;
    %pushi/vec4 1, 0, 1;
    %store/vec4 v0000000001832370_0, 0, 1;
    %delay 5, 0;
    %pushi/vec4 0, 0, 1;
    %store/vec4 v0000000001832370_0, 0, 1;
    %delay 20, 0;
    %pushi/vec4 1, 0, 1;
    %store/vec4 v0000000001832370_0, 0, 1;
    %delay 1000, 0;
    %pushi/vec4 7, 0, 5;
    %store/vec4 v0000000001830250_0, 0, 5;
    %end;
    .thread T_45;
    .scope S_00000000012af640;
T_46 ;
    %delay 50, 0;
    %load/vec4 v000000000183f7f0_0;
    %inv;
    %store/vec4 v000000000183f7f0_0, 0, 1;
    %load/vec4 v000000000183f7f0_0;
    %cmpi/e 1, 0, 1;
    %jmp/0xz  T_46.0, 4;
    %load/vec4 v000000000183f9d0_0;
    %cmpi/e 1000, 0, 32;
    %flag_mov 8, 4;
    %load/vec4 v0000000001839df0_0;
    %cmpi/e 4294967295, 4294967295, 32;
    %flag_or 6, 8;
    %jmp/0xz  T_46.2, 6;
    %load/vec4 v0000000001839df0_0;
    %cmpi/e 4294967295, 4294967295, 32;
    %jmp/0xz  T_46.4, 6;
    %load/vec4 v000000000183fb10_0;
    %addi 1, 0, 32;
    %store/vec4 v000000000183fb10_0, 0, 32;
    %load/vec4 v000000000183fb10_0;
    %cmpi/e 3, 0, 32;
    %jmp/0xz  T_46.6, 4;
    %vpi_call 3 62 "$fdisplay", v0000000001830930_0, "pc:\011 %h", v000000000183f890_0 {0 0 0};
    %vpi_call 3 63 "$fdisplay", v0000000001830930_0, "instr:\011\011 %h", v000000000183fbb0_0 {0 0 0};
    %vpi_call 3 64 "$fdisplay", v0000000001830930_0, "rf00-03:\011 %h %h %h %h", 32'sb00000000000000000000000000000000, &A<v00000000017fde00, 1>, &A<v00000000017fde00, 2>, &A<v00000000017fde00, 3> {0 0 0};
    %vpi_call 3 65 "$fdisplay", v0000000001830930_0, "rf04-07:\011 %h %h %h %h", &A<v00000000017fde00, 4>, &A<v00000000017fde00, 5>, &A<v00000000017fde00, 6>, &A<v00000000017fde00, 7> {0 0 0};
    %vpi_call 3 66 "$fdisplay", v0000000001830930_0, "rf08-11:\011 %h %h %h %h", &A<v00000000017fde00, 8>, &A<v00000000017fde00, 9>, &A<v00000000017fde00, 10>, &A<v00000000017fde00, 11> {0 0 0};
    %vpi_call 3 67 "$fdisplay", v0000000001830930_0, "rf12-15:\011 %h %h %h %h", &A<v00000000017fde00, 12>, &A<v00000000017fde00, 13>, &A<v00000000017fde00, 14>, &A<v00000000017fde00, 15> {0 0 0};
    %vpi_call 3 68 "$fdisplay", v0000000001830930_0, "rf16-19:\011 %h %h %h %h", &A<v00000000017fde00, 16>, &A<v00000000017fde00, 17>, &A<v00000000017fde00, 18>, &A<v00000000017fde00, 19> {0 0 0};
    %vpi_call 3 69 "$fdisplay", v0000000001830930_0, "rf20-23:\011 %h %h %h %h", &A<v00000000017fde00, 20>, &A<v00000000017fde00, 21>, &A<v00000000017fde00, 22>, &A<v00000000017fde00, 23> {0 0 0};
    %vpi_call 3 70 "$fdisplay", v0000000001830930_0, "rf24-27:\011 %h %h %h %h", &A<v00000000017fde00, 24>, &A<v00000000017fde00, 25>, &A<v00000000017fde00, 26>, &A<v00000000017fde00, 27> {0 0 0};
    %vpi_call 3 71 "$fdisplay", v0000000001830930_0, "rf28-31:\011 %h %h %h %h", &A<v00000000017fde00, 28>, &A<v00000000017fde00, 29>, &A<v00000000017fde00, 30>, &A<v00000000017fde00, 31> {0 0 0};
    %pushi/vec4 0, 0, 32;
    %store/vec4 v0000000001830bb0_0, 0, 32;
T_46.8 ;
    %load/vec4 v0000000001830bb0_0;
    %cmpi/s 128, 0, 32;
    %jmp/0xz T_46.9, 5;
    %vpi_call 3 74 "$fdisplay", v0000000001832730_0, "0x%2h: 0x%8h", v0000000001830bb0_0, &A<v000000000177b330, v0000000001830bb0_0 > {0 0 0};
    %load/vec4 v0000000001830bb0_0;
    %addi 1, 0, 32;
    %store/vec4 v0000000001830bb0_0, 0, 32;
    %jmp T_46.8;
T_46.9 ;
    %vpi_call 3 76 "$fclose", v0000000001832730_0 {0 0 0};
    %vpi_call 3 77 "$fclose", v0000000001830930_0 {0 0 0};
    %vpi_call 3 78 "$finish" {0 0 0};
T_46.6 ;
    %jmp T_46.5;
T_46.4 ;
    %vpi_call 3 82 "$fclose", v0000000001830930_0 {0 0 0};
    %vpi_call 3 83 "$stop" {0 0 0};
T_46.5 ;
    %jmp T_46.3;
T_46.2 ;
    %load/vec4 v000000000183f890_0;
    %cmpi/e 784, 0, 32;
    %jmp/0xz  T_46.10, 4;
    %load/vec4 v000000000183f9d0_0;
    %addi 1, 0, 32;
    %store/vec4 v000000000183f9d0_0, 0, 32;
    %vpi_call 3 89 "$fdisplay", v0000000001830930_0, "pc:\011 %h", v000000000183f890_0 {0 0 0};
    %vpi_call 3 90 "$fdisplay", v0000000001830930_0, "instr:\011\011 %h", v000000000183fbb0_0 {0 0 0};
    %vpi_call 3 91 "$fdisplay", v0000000001830930_0, "rf00-03:\011 %h %h %h %h", 32'sb00000000000000000000000000000000, &A<v00000000017fde00, 1>, &A<v00000000017fde00, 2>, &A<v00000000017fde00, 3> {0 0 0};
    %vpi_call 3 92 "$fdisplay", v0000000001830930_0, "rf04-07:\011 %h %h %h %h", &A<v00000000017fde00, 4>, &A<v00000000017fde00, 5>, &A<v00000000017fde00, 6>, &A<v00000000017fde00, 7> {0 0 0};
    %vpi_call 3 93 "$fdisplay", v0000000001830930_0, "rf08-11:\011 %h %h %h %h", &A<v00000000017fde00, 8>, &A<v00000000017fde00, 9>, &A<v00000000017fde00, 10>, &A<v00000000017fde00, 11> {0 0 0};
    %vpi_call 3 94 "$fdisplay", v0000000001830930_0, "rf12-15:\011 %h %h %h %h", &A<v00000000017fde00, 12>, &A<v00000000017fde00, 13>, &A<v00000000017fde00, 14>, &A<v00000000017fde00, 15> {0 0 0};
    %vpi_call 3 95 "$fdisplay", v0000000001830930_0, "rf16-19:\011 %h %h %h %h", &A<v00000000017fde00, 16>, &A<v00000000017fde00, 17>, &A<v00000000017fde00, 18>, &A<v00000000017fde00, 19> {0 0 0};
    %vpi_call 3 96 "$fdisplay", v0000000001830930_0, "rf20-23:\011 %h %h %h %h", &A<v00000000017fde00, 20>, &A<v00000000017fde00, 21>, &A<v00000000017fde00, 22>, &A<v00000000017fde00, 23> {0 0 0};
    %vpi_call 3 97 "$fdisplay", v0000000001830930_0, "rf24-27:\011 %h %h %h %h", &A<v00000000017fde00, 24>, &A<v00000000017fde00, 25>, &A<v00000000017fde00, 26>, &A<v00000000017fde00, 27> {0 0 0};
    %vpi_call 3 98 "$fdisplay", v0000000001830930_0, "rf28-31:\011 %h %h %h %h", &A<v00000000017fde00, 28>, &A<v00000000017fde00, 29>, &A<v00000000017fde00, 30>, &A<v00000000017fde00, 31> {0 0 0};
    %vpi_call 3 100 "$fclose", v0000000001830930_0 {0 0 0};
    %vpi_call 3 101 "$finish" {0 0 0};
    %jmp T_46.11;
T_46.10 ;
    %load/vec4 v000000000183f9d0_0;
    %addi 1, 0, 32;
    %store/vec4 v000000000183f9d0_0, 0, 32;
T_46.11 ;
T_46.3 ;
T_46.0 ;
    %jmp T_46;
    .thread T_46;
# The file index is used to find the file name in the following table.
:file_names 20;
    "N/A";
    "<interactive>";
    "NPC.v";
    "sccomp_tb.v";
    "sccomp.v";
    "dm.v";
    "im.v";
    "SCPU.v";
    "EXT.v";
    "ex_mem_reg.v";
    "pipeline_reg.v";
    "HazardDetectionUnit.v";
    "id_ex_reg.v";
    "if_id_reg.v";
    "mem_wb_reg.v";
    "PC.v";
    "RF.v";
    "alu.v";
    "comparator.v";
    "ctrl.v";
